<?xml version="1.0" encoding="UTF-8"?>
<CustomObjectTranslation xmlns="http://soap.sforce.com/2006/04/metadata">
    <caseValues>
        <plural>false</plural>
        <value>Access Agreement</value>
    </caseValues>
    <caseValues>
        <plural>true</plural>
        <value>Access Agreements</value>
    </caseValues>
    <layouts>
        <layout>Access Agreement Layout</layout>
        <sections>
            <label></label>
            <section>Addition Information</section>
        </sections>
        <sections>
            <label></label>
            <section>Custom Links</section>
        </sections>
        <sections>
            <label></label>
            <section>Landowner</section>
        </sections>
        <sections>
            <label></label>
            <section>Location</section>
        </sections>
    </layouts>
    <startsWith>Vowel</startsWith>
</CustomObjectTranslation>
