<?xml version="1.0" encoding="UTF-8"?>
<CustomObjectTranslation xmlns="http://soap.sforce.com/2006/04/metadata">
    <caseValues>
        <plural>false</plural>
        <value>Inventory Item</value>
    </caseValues>
    <caseValues>
        <plural>true</plural>
        <value>Inventory Items</value>
    </caseValues>
    <layouts>
        <layout>Inventory Item Layout</layout>
        <sections>
            <label></label>
            <section>Custom Links</section>
        </sections>
    </layouts>
    <startsWith>Vowel</startsWith>
</CustomObjectTranslation>
