<?xml version="1.0" encoding="UTF-8"?>
<Flow xmlns="http://soap.sforce.com/2006/04/metadata">
    <apiVersion>49.0</apiVersion>
    <assignments>
        <name>AddToJobList</name>
        <label>AddToJobList</label>
        <locationX>1088</locationX>
        <locationY>239</locationY>
        <assignmentItems>
            <assignToReference>newJobs</assignToReference>
            <operator>Add</operator>
            <value>
                <elementReference>jobnew</elementReference>
            </value>
        </assignmentItems>
        <connector>
            <targetReference>Loop_through_standard_job_tasks</targetReference>
        </connector>
    </assignments>
    <assignments>
        <name>Assign_Duration</name>
        <label>Assign Duration</label>
        <locationX>485</locationX>
        <locationY>165</locationY>
        <assignmentItems>
            <assignToReference>Get_WR.Estimated_Duration__c</assignToReference>
            <operator>Assign</operator>
            <value>
                <elementReference>Get_Std_Job.Estimated_Duration__c</elementReference>
            </value>
        </assignmentItems>
        <connector>
            <targetReference>Update_WR</targetReference>
        </connector>
    </assignments>
    <assignments>
        <name>Assign_Quantity</name>
        <label>Assign Quantity</label>
        <locationX>373</locationX>
        <locationY>194</locationY>
        <assignmentItems>
            <assignToReference>Quantity</assignToReference>
            <operator>Assign</operator>
            <value>
                <elementReference>Required_Quantity</elementReference>
            </value>
        </assignmentItems>
        <connector>
            <targetReference>Assign_Duration</targetReference>
        </connector>
    </assignments>
    <assignments>
        <name>Assign_std_job_tasks</name>
        <label>Assign std job tasks</label>
        <locationX>1088</locationX>
        <locationY>42</locationY>
        <assignmentItems>
            <assignToReference>jobnew.Standard_Job__c</assignToReference>
            <operator>Assign</operator>
            <value>
                <elementReference>Loop_through_standard_job_tasks.Standard_Job__c</elementReference>
            </value>
        </assignmentItems>
        <assignmentItems>
            <assignToReference>jobnew.Planned_Quantity__c</assignToReference>
            <operator>Assign</operator>
            <value>
                <elementReference>Quantity_Formula</elementReference>
            </value>
        </assignmentItems>
        <assignmentItems>
            <assignToReference>jobnew.Work_Request__c</assignToReference>
            <operator>Assign</operator>
            <value>
                <elementReference>Get_WR.Id</elementReference>
            </value>
        </assignmentItems>
        <assignmentItems>
            <assignToReference>jobnew.Status__c</assignToReference>
            <operator>Assign</operator>
            <value>
                <stringValue>Planned</stringValue>
            </value>
        </assignmentItems>
        <assignmentItems>
            <assignToReference>jobnew.Project__c</assignToReference>
            <operator>Assign</operator>
            <value>
                <elementReference>Get_WR.Project__c</elementReference>
            </value>
        </assignmentItems>
        <assignmentItems>
            <assignToReference>jobnew.Street__c</assignToReference>
            <operator>Assign</operator>
            <value>
                <elementReference>Get_WR.Street__c</elementReference>
            </value>
        </assignmentItems>
        <assignmentItems>
            <assignToReference>jobnew.City__c</assignToReference>
            <operator>Assign</operator>
            <value>
                <elementReference>Get_WR.City__c</elementReference>
            </value>
        </assignmentItems>
        <assignmentItems>
            <assignToReference>jobnew.State_Province__c</assignToReference>
            <operator>Assign</operator>
            <value>
                <elementReference>Get_WR.State_Province__c</elementReference>
            </value>
        </assignmentItems>
        <assignmentItems>
            <assignToReference>jobnew.Zip_Postal_Code__c</assignToReference>
            <operator>Assign</operator>
            <value>
                <elementReference>Get_WR.Zip_Postal_Code__c</elementReference>
            </value>
        </assignmentItems>
        <assignmentItems>
            <assignToReference>jobnew.Country__c</assignToReference>
            <operator>Assign</operator>
            <value>
                <elementReference>Get_WR.Country__c</elementReference>
            </value>
        </assignmentItems>
        <assignmentItems>
            <assignToReference>jobnew.Property__c</assignToReference>
            <operator>Assign</operator>
            <value>
                <elementReference>Get_WR.Property__c</elementReference>
            </value>
        </assignmentItems>
        <assignmentItems>
            <assignToReference>jobnew.Region__c</assignToReference>
            <operator>Assign</operator>
            <value>
                <elementReference>Get_WR.Region__c</elementReference>
            </value>
        </assignmentItems>
        <assignmentItems>
            <assignToReference>jobnew.Local_Authority__c</assignToReference>
            <operator>Assign</operator>
            <value>
                <elementReference>Get_WR.Local_Authority__c</elementReference>
            </value>
        </assignmentItems>
        <assignmentItems>
            <assignToReference>jobnew.Grid_Reference__c</assignToReference>
            <operator>Assign</operator>
            <value>
                <elementReference>Get_WR.Grid_Reference__c</elementReference>
            </value>
        </assignmentItems>
        <assignmentItems>
            <assignToReference>jobnew.Unit_of_Measure__c</assignToReference>
            <operator>Assign</operator>
            <value>
                <elementReference>Loop_through_standard_job_tasks.Standard_Job__r.Unit_of_Measure__c</elementReference>
            </value>
        </assignmentItems>
        <assignmentItems>
            <assignToReference>jobnew.Activity_Type__c</assignToReference>
            <operator>Assign</operator>
            <value>
                <elementReference>Loop_through_standard_job_tasks.Standard_Job__r.Activity_Type__c</elementReference>
            </value>
        </assignmentItems>
        <assignmentItems>
            <assignToReference>jobnew.Recovery_Value__c</assignToReference>
            <operator>Assign</operator>
            <value>
                <elementReference>Recovery_Value_Formula</elementReference>
            </value>
        </assignmentItems>
        <assignmentItems>
            <assignToReference>jobnew.Site__c</assignToReference>
            <operator>Assign</operator>
            <value>
                <elementReference>Get_WR.Site__c</elementReference>
            </value>
        </assignmentItems>
        <assignmentItems>
            <assignToReference>jobnew.Planned_Labour_Cost__c</assignToReference>
            <operator>Assign</operator>
            <value>
                <elementReference>Planned_Labour_Cost_Formula</elementReference>
            </value>
        </assignmentItems>
        <assignmentItems>
            <assignToReference>jobnew.Planned_Materials_Cost__c</assignToReference>
            <operator>Assign</operator>
            <value>
                <elementReference>Planned_Material_Cost_Formula</elementReference>
            </value>
        </assignmentItems>
        <assignmentItems>
            <assignToReference>jobnew.Planned_Duration__c</assignToReference>
            <operator>Assign</operator>
            <value>
                <elementReference>Planned_Duration_Formula</elementReference>
            </value>
        </assignmentItems>
        <assignmentItems>
            <assignToReference>jobnew.Planned_Cost__c</assignToReference>
            <operator>Assign</operator>
            <value>
                <elementReference>Estimated_Price_Formula</elementReference>
            </value>
        </assignmentItems>
        <assignmentItems>
            <assignToReference>jobnew.Circuit__c</assignToReference>
            <operator>Assign</operator>
            <value>
                <elementReference>Get_WR.Circuit__c</elementReference>
            </value>
        </assignmentItems>
        <assignmentItems>
            <assignToReference>jobnew.Name</assignToReference>
            <operator>Assign</operator>
            <value>
                <elementReference>Loop_through_standard_job_tasks.Standard_Job__r.Name</elementReference>
            </value>
        </assignmentItems>
        <assignmentItems>
            <assignToReference>jobnew.Closed_Reason__c</assignToReference>
            <operator>Assign</operator>
        </assignmentItems>
        <connector>
            <targetReference>AddToJobList</targetReference>
        </connector>
    </assignments>
    <decisions>
        <name>CheckStdJobNull</name>
        <label>CheckStdJobNull</label>
        <locationX>732</locationX>
        <locationY>502</locationY>
        <defaultConnectorLabel>Default Outcome</defaultConnectorLabel>
        <rules>
            <name>NotNull</name>
            <conditionLogic>and</conditionLogic>
            <conditions>
                <leftValueReference>Get_Std_Job_Tasks</leftValueReference>
                <operator>IsNull</operator>
                <rightValue>
                    <booleanValue>false</booleanValue>
                </rightValue>
            </conditions>
            <connector>
                <targetReference>Loop_through_standard_job_tasks</targetReference>
            </connector>
            <label>NotNull</label>
        </rules>
        <rules>
            <name>Null</name>
            <conditionLogic>and</conditionLogic>
            <conditions>
                <leftValueReference>Get_Std_Job_Tasks</leftValueReference>
                <operator>IsNull</operator>
                <rightValue>
                    <booleanValue>true</booleanValue>
                </rightValue>
            </conditions>
            <connector>
                <targetReference>CreateJobFromStandardJob</targetReference>
            </connector>
            <label>Null</label>
        </rules>
    </decisions>
    <decisions>
        <name>Is_this_a_work_package</name>
        <label>Is this a work package?</label>
        <locationX>326</locationX>
        <locationY>418</locationY>
        <defaultConnector>
            <targetReference>Create_Single_Job</targetReference>
        </defaultConnector>
        <defaultConnectorLabel>Is single standard job</defaultConnectorLabel>
        <rules>
            <name>Is_work_package</name>
            <conditionLogic>and</conditionLogic>
            <conditions>
                <leftValueReference>Get_Std_Job.RecordType.Name</leftValueReference>
                <operator>EqualTo</operator>
                <rightValue>
                    <stringValue>Work Package</stringValue>
                </rightValue>
            </conditions>
            <connector>
                <targetReference>Get_Std_Job_Tasks</targetReference>
            </connector>
            <label>Is work package</label>
        </rules>
    </decisions>
    <description>Prompts the user for a standard job and quantity from the WR Page</description>
    <formulas>
        <name>Estimated_Price_Formula</name>
        <dataType>Currency</dataType>
        <expression>{!Quantity}*{!Loop_through_standard_job_tasks.Standard_Job__r.Estimated_Price__c}</expression>
        <scale>2</scale>
    </formulas>
    <formulas>
        <name>Planned_Duration_Formula</name>
        <dataType>Number</dataType>
        <expression>{!Quantity}*{!Loop_through_standard_job_tasks.Standard_Job__r.Estimated_Duration__c}</expression>
        <scale>2</scale>
    </formulas>
    <formulas>
        <name>Planned_Labour_Cost_Formula</name>
        <dataType>Currency</dataType>
        <expression>{!Quantity}* {!Loop_through_standard_job_tasks.Standard_Job__r.Estimated_Labour_Price__c}</expression>
        <scale>2</scale>
    </formulas>
    <formulas>
        <name>Planned_Material_Cost_Formula</name>
        <dataType>Currency</dataType>
        <expression>{!Quantity}*{!Loop_through_standard_job_tasks.Standard_Job__r.Estimated_Materials_Price__c}</expression>
        <scale>2</scale>
    </formulas>
    <formulas>
        <name>Quantity_Formula</name>
        <dataType>Number</dataType>
        <expression>{!Quantity} * {!Loop_through_standard_job_tasks.Quantity__c}</expression>
        <scale>0</scale>
    </formulas>
    <formulas>
        <name>Recovery_Value_Formula</name>
        <dataType>Currency</dataType>
        <expression>{!Quantity} * {!Loop_through_standard_job_tasks.Standard_Job__r.Recovery_Value__c}</expression>
        <scale>2</scale>
    </formulas>
    <interviewLabel>Add Job {!$Flow.CurrentDateTime}</interviewLabel>
    <label>Add Job</label>
    <loops>
        <name>Loop_through_standard_job_tasks</name>
        <label>Loop through standard job tasks</label>
        <locationX>778</locationX>
        <locationY>150</locationY>
        <collectionReference>Get_Std_Job_Tasks</collectionReference>
        <iterationOrder>Asc</iterationOrder>
        <nextValueConnector>
            <targetReference>Assign_std_job_tasks</targetReference>
        </nextValueConnector>
        <noMoreValuesConnector>
            <targetReference>Create_Job</targetReference>
        </noMoreValuesConnector>
    </loops>
    <processMetadataValues>
        <name>BuilderType</name>
        <value>
            <stringValue>LightningFlowBuilder</stringValue>
        </value>
    </processMetadataValues>
    <processMetadataValues>
        <name>OriginBuilderType</name>
        <value>
            <stringValue>LightningFlowBuilder</stringValue>
        </value>
    </processMetadataValues>
    <processType>Flow</processType>
    <recordCreates>
        <name>Create_Job</name>
        <label>Create Job</label>
        <locationX>1013</locationX>
        <locationY>360</locationY>
        <connector>
            <targetReference>Success</targetReference>
        </connector>
        <inputReference>newJobs</inputReference>
    </recordCreates>
    <recordCreates>
        <name>Create_Single_Job</name>
        <label>Create Single Job</label>
        <locationX>331</locationX>
        <locationY>708</locationY>
        <connector>
            <targetReference>Success</targetReference>
        </connector>
        <inputAssignments>
            <field>Asset_Category__c</field>
            <value>
                <elementReference>Get_Std_Job.Asset_Category__c</elementReference>
            </value>
        </inputAssignments>
        <inputAssignments>
            <field>Circuit__c</field>
            <value>
                <elementReference>Get_WR.Circuit__c</elementReference>
            </value>
        </inputAssignments>
        <inputAssignments>
            <field>City__c</field>
            <value>
                <elementReference>Get_WR.City__c</elementReference>
            </value>
        </inputAssignments>
        <inputAssignments>
            <field>Country__c</field>
            <value>
                <elementReference>Get_WR.Country__c</elementReference>
            </value>
        </inputAssignments>
        <inputAssignments>
            <field>Description__c</field>
            <value>
                <elementReference>Get_Std_Job.Description__c</elementReference>
            </value>
        </inputAssignments>
        <inputAssignments>
            <field>Estimated_Duration__c</field>
            <value>
                <elementReference>Planned_Duration_Formula</elementReference>
            </value>
        </inputAssignments>
        <inputAssignments>
            <field>Grid_Reference__c</field>
            <value>
                <elementReference>Get_WR.Grid_Reference__c</elementReference>
            </value>
        </inputAssignments>
        <inputAssignments>
            <field>Local_Authority__c</field>
            <value>
                <elementReference>Get_WR.Local_Authority__c</elementReference>
            </value>
        </inputAssignments>
        <inputAssignments>
            <field>Name</field>
            <value>
                <elementReference>Get_Std_Job.Name</elementReference>
            </value>
        </inputAssignments>
        <inputAssignments>
            <field>Planned_Cost__c</field>
            <value>
                <elementReference>Estimated_Price_Formula</elementReference>
            </value>
        </inputAssignments>
        <inputAssignments>
            <field>Planned_Labour_Cost__c</field>
            <value>
                <elementReference>Planned_Labour_Cost_Formula</elementReference>
            </value>
        </inputAssignments>
        <inputAssignments>
            <field>Planned_Materials_Cost__c</field>
            <value>
                <elementReference>Planned_Material_Cost_Formula</elementReference>
            </value>
        </inputAssignments>
        <inputAssignments>
            <field>Planned_Quantity__c</field>
            <value>
                <elementReference>Quantity</elementReference>
            </value>
        </inputAssignments>
        <inputAssignments>
            <field>Project__c</field>
            <value>
                <elementReference>Get_WR.Project__c</elementReference>
            </value>
        </inputAssignments>
        <inputAssignments>
            <field>Property__c</field>
            <value>
                <elementReference>Get_WR.Property__c</elementReference>
            </value>
        </inputAssignments>
        <inputAssignments>
            <field>Recovery_Value__c</field>
            <value>
                <elementReference>Recovery_Value_Formula</elementReference>
            </value>
        </inputAssignments>
        <inputAssignments>
            <field>Region__c</field>
            <value>
                <elementReference>Get_WR.Region__c</elementReference>
            </value>
        </inputAssignments>
        <inputAssignments>
            <field>Site__c</field>
            <value>
                <elementReference>Get_WR.Site__c</elementReference>
            </value>
        </inputAssignments>
        <inputAssignments>
            <field>Standard_Job__c</field>
            <value>
                <elementReference>Get_Std_Job.Id</elementReference>
            </value>
        </inputAssignments>
        <inputAssignments>
            <field>State_Province__c</field>
            <value>
                <elementReference>Get_WR.State_Province__c</elementReference>
            </value>
        </inputAssignments>
        <inputAssignments>
            <field>Status__c</field>
            <value>
                <stringValue>Planned</stringValue>
            </value>
        </inputAssignments>
        <inputAssignments>
            <field>Street__c</field>
            <value>
                <elementReference>Get_WR.Street__c</elementReference>
            </value>
        </inputAssignments>
        <inputAssignments>
            <field>Unit_of_Measure__c</field>
            <value>
                <elementReference>Get_Std_Job.Unit_of_Measure__c</elementReference>
            </value>
        </inputAssignments>
        <inputAssignments>
            <field>Utility_Type__c</field>
            <value>
                <elementReference>Get_Std_Job.Utility_Type__c</elementReference>
            </value>
        </inputAssignments>
        <inputAssignments>
            <field>Work_Request__c</field>
            <value>
                <elementReference>Get_WR.Id</elementReference>
            </value>
        </inputAssignments>
        <inputAssignments>
            <field>Zip_Postal_Code__c</field>
            <value>
                <elementReference>Get_WR.Zip_Postal_Code__c</elementReference>
            </value>
        </inputAssignments>
        <object>Job__c</object>
        <storeOutputAutomatically>true</storeOutputAutomatically>
    </recordCreates>
    <recordCreates>
        <name>CreateJobFromStandardJob</name>
        <label>CreateJobFromStandardJob</label>
        <locationX>527</locationX>
        <locationY>592</locationY>
        <connector>
            <targetReference>Success</targetReference>
        </connector>
        <inputAssignments>
            <field>Circuit__c</field>
            <value>
                <elementReference>Get_WR.Circuit__c</elementReference>
            </value>
        </inputAssignments>
        <inputAssignments>
            <field>City__c</field>
            <value>
                <elementReference>Get_WR.City__c</elementReference>
            </value>
        </inputAssignments>
        <inputAssignments>
            <field>Country__c</field>
            <value>
                <elementReference>Get_WR.Country__c</elementReference>
            </value>
        </inputAssignments>
        <inputAssignments>
            <field>Grid_Reference__c</field>
            <value>
                <elementReference>Get_WR.Grid_Reference__c</elementReference>
            </value>
        </inputAssignments>
        <inputAssignments>
            <field>Local_Authority__c</field>
            <value>
                <elementReference>Get_WR.Local_Authority__c</elementReference>
            </value>
        </inputAssignments>
        <inputAssignments>
            <field>Project__c</field>
            <value>
                <elementReference>Get_WR.Project__c</elementReference>
            </value>
        </inputAssignments>
        <inputAssignments>
            <field>Property__c</field>
            <value>
                <elementReference>Get_WR.Property__c</elementReference>
            </value>
        </inputAssignments>
        <inputAssignments>
            <field>Region__c</field>
            <value>
                <elementReference>Get_WR.Region__c</elementReference>
            </value>
        </inputAssignments>
        <inputAssignments>
            <field>Site__c</field>
            <value>
                <elementReference>Get_WR.Site__c</elementReference>
            </value>
        </inputAssignments>
        <inputAssignments>
            <field>State_Province__c</field>
            <value>
                <elementReference>Get_WR.State_Province__c</elementReference>
            </value>
        </inputAssignments>
        <inputAssignments>
            <field>Status__c</field>
            <value>
                <stringValue>Planned</stringValue>
            </value>
        </inputAssignments>
        <inputAssignments>
            <field>Street__c</field>
            <value>
                <elementReference>Get_WR.Street__c</elementReference>
            </value>
        </inputAssignments>
        <inputAssignments>
            <field>Work_Request__c</field>
            <value>
                <elementReference>WRID</elementReference>
            </value>
        </inputAssignments>
        <inputAssignments>
            <field>Zip_Postal_Code__c</field>
            <value>
                <elementReference>Get_WR.Zip_Postal_Code__c</elementReference>
            </value>
        </inputAssignments>
        <object>Job__c</object>
        <storeOutputAutomatically>true</storeOutputAutomatically>
    </recordCreates>
    <recordLookups>
        <name>Get_Std_Job</name>
        <label>Get Std Job</label>
        <locationX>248</locationX>
        <locationY>199</locationY>
        <assignNullValuesIfNoRecordsFound>false</assignNullValuesIfNoRecordsFound>
        <connector>
            <targetReference>Assign_Quantity</targetReference>
        </connector>
        <filterLogic>and</filterLogic>
        <filters>
            <field>Id</field>
            <operator>EqualTo</operator>
            <value>
                <elementReference>Get_Std_Job.Id</elementReference>
            </value>
        </filters>
        <getFirstRecordOnly>true</getFirstRecordOnly>
        <object>Standard_Job__c</object>
        <storeOutputAutomatically>true</storeOutputAutomatically>
    </recordLookups>
    <recordLookups>
        <name>Get_Std_Job_Tasks</name>
        <label>Get Std Job Tasks</label>
        <locationX>548</locationX>
        <locationY>467</locationY>
        <assignNullValuesIfNoRecordsFound>false</assignNullValuesIfNoRecordsFound>
        <connector>
            <targetReference>CheckStdJobNull</targetReference>
        </connector>
        <filterLogic>and</filterLogic>
        <filters>
            <field>Work_Package__c</field>
            <operator>EqualTo</operator>
            <value>
                <elementReference>Get_Std_Job.Id</elementReference>
            </value>
        </filters>
        <getFirstRecordOnly>false</getFirstRecordOnly>
        <object>Standard_Job_Task__c</object>
        <storeOutputAutomatically>true</storeOutputAutomatically>
    </recordLookups>
    <recordLookups>
        <name>Get_WR</name>
        <label>Get WR</label>
        <locationX>50</locationX>
        <locationY>67</locationY>
        <assignNullValuesIfNoRecordsFound>false</assignNullValuesIfNoRecordsFound>
        <connector>
            <targetReference>Ask_user_for_Standard_Job</targetReference>
        </connector>
        <filterLogic>and</filterLogic>
        <filters>
            <field>Id</field>
            <operator>EqualTo</operator>
            <value>
                <elementReference>WRID</elementReference>
            </value>
        </filters>
        <getFirstRecordOnly>true</getFirstRecordOnly>
        <object>Work_Request__c</object>
        <sortField>Id</sortField>
        <sortOrder>Asc</sortOrder>
        <storeOutputAutomatically>true</storeOutputAutomatically>
    </recordLookups>
    <recordUpdates>
        <name>Update_WR</name>
        <label>Update WR</label>
        <locationX>652</locationX>
        <locationY>222</locationY>
        <connector>
            <targetReference>Is_this_a_work_package</targetReference>
        </connector>
        <filterLogic>and</filterLogic>
        <filters>
            <field>Id</field>
            <operator>EqualTo</operator>
            <value>
                <elementReference>recordId</elementReference>
            </value>
        </filters>
        <inputAssignments>
            <field>Estimated_Duration__c</field>
            <value>
                <elementReference>Get_Std_Job.Estimated_Duration__c</elementReference>
            </value>
        </inputAssignments>
        <object>Work_Request__c</object>
    </recordUpdates>
    <screens>
        <name>Ask_user_for_Standard_Job</name>
        <label>Ask user for Standard Job</label>
        <locationX>50</locationX>
        <locationY>239</locationY>
        <allowBack>true</allowBack>
        <allowFinish>true</allowFinish>
        <allowPause>false</allowPause>
        <connector>
            <targetReference>Get_Std_Job</targetReference>
        </connector>
        <fields>
            <name>LookupStandardJob</name>
            <extensionName>flowruntime:lookup</extensionName>
            <fieldType>ComponentInstance</fieldType>
            <inputParameters>
                <name>fieldApiName</name>
                <value>
                    <stringValue>Standard_Job__c</stringValue>
                </value>
            </inputParameters>
            <inputParameters>
                <name>label</name>
                <value>
                    <stringValue>Please select a Standard Job</stringValue>
                </value>
            </inputParameters>
            <inputParameters>
                <name>objectApiName</name>
                <value>
                    <stringValue>Work_Request__c</stringValue>
                </value>
            </inputParameters>
            <isRequired>true</isRequired>
            <outputParameters>
                <assignToReference>Get_Std_Job.Id</assignToReference>
                <name>recordId</name>
            </outputParameters>
            <outputParameters>
                <assignToReference>Get_Std_Job.Name</assignToReference>
                <name>recordName</name>
            </outputParameters>
        </fields>
        <fields>
            <name>Required_Quantity</name>
            <dataType>Number</dataType>
            <fieldText>Quantity</fieldText>
            <fieldType>InputField</fieldType>
            <isRequired>true</isRequired>
            <scale>0</scale>
        </fields>
        <showFooter>true</showFooter>
        <showHeader>true</showHeader>
    </screens>
    <screens>
        <name>Success</name>
        <label>Success</label>
        <locationX>1137</locationX>
        <locationY>606</locationY>
        <allowBack>false</allowBack>
        <allowFinish>true</allowFinish>
        <allowPause>false</allowPause>
        <fields>
            <name>Jobcreate</name>
            <fieldText>&lt;p&gt;Jobs have been created successfully.&lt;/p&gt;&lt;p&gt;Please click Finish to refresh your screen and see the updates.&lt;/p&gt;</fieldText>
            <fieldType>DisplayText</fieldType>
        </fields>
        <showFooter>true</showFooter>
        <showHeader>true</showHeader>
    </screens>
    <start>
        <locationX>310</locationX>
        <locationY>50</locationY>
        <connector>
            <targetReference>Get_WR</targetReference>
        </connector>
    </start>
    <status>Active</status>
    <variables>
        <name>jobnew</name>
        <dataType>SObject</dataType>
        <isCollection>false</isCollection>
        <isInput>false</isInput>
        <isOutput>false</isOutput>
        <objectType>Job__c</objectType>
    </variables>
    <variables>
        <name>newJobs</name>
        <dataType>SObject</dataType>
        <isCollection>true</isCollection>
        <isInput>true</isInput>
        <isOutput>true</isOutput>
        <objectType>Job__c</objectType>
    </variables>
    <variables>
        <name>Quantity</name>
        <dataType>Number</dataType>
        <isCollection>false</isCollection>
        <isInput>true</isInput>
        <isOutput>true</isOutput>
        <scale>0</scale>
        <value>
            <elementReference>Required_Quantity</elementReference>
        </value>
    </variables>
    <variables>
        <name>recordId</name>
        <dataType>String</dataType>
        <isCollection>false</isCollection>
        <isInput>true</isInput>
        <isOutput>true</isOutput>
    </variables>
    <variables>
        <name>Selected_Standard_Job</name>
        <dataType>String</dataType>
        <isCollection>false</isCollection>
        <isInput>true</isInput>
        <isOutput>true</isOutput>
    </variables>
    <variables>
        <name>Selected_Std_Job</name>
        <dataType>String</dataType>
        <isCollection>false</isCollection>
        <isInput>true</isInput>
        <isOutput>true</isOutput>
    </variables>
    <variables>
        <name>SelectedStdJob</name>
        <dataType>SObject</dataType>
        <isCollection>false</isCollection>
        <isInput>true</isInput>
        <isOutput>true</isOutput>
        <objectType>Standard_Job__c</objectType>
    </variables>
    <variables>
        <name>StandardJobTaskList</name>
        <dataType>SObject</dataType>
        <isCollection>true</isCollection>
        <isInput>true</isInput>
        <isOutput>true</isOutput>
        <objectType>Standard_Job_Task__c</objectType>
    </variables>
    <variables>
        <name>StdJobId</name>
        <dataType>String</dataType>
        <isCollection>false</isCollection>
        <isInput>true</isInput>
        <isOutput>true</isOutput>
    </variables>
    <variables>
        <name>WRID</name>
        <dataType>String</dataType>
        <isCollection>false</isCollection>
        <isInput>true</isInput>
        <isOutput>true</isOutput>
    </variables>
</Flow>
