<?xml version="1.0" encoding="UTF-8"?>
<Flow xmlns="http://soap.sforce.com/2006/04/metadata">
    <apiVersion>49.0</apiVersion>
    <assignments>
        <name>Assign_material_items</name>
        <label>Assign material items</label>
        <locationX>906</locationX>
        <locationY>406</locationY>
        <assignmentItems>
            <assignToReference>New_Material_Item.Material__c</assignToReference>
            <operator>Assign</operator>
            <value>
                <elementReference>Loop_through_material_items.Material__c</elementReference>
            </value>
        </assignmentItems>
        <assignmentItems>
            <assignToReference>New_Material_Item.UOM__c</assignToReference>
            <operator>Assign</operator>
            <value>
                <elementReference>Loop_through_material_items.UOM__c</elementReference>
            </value>
        </assignmentItems>
        <assignmentItems>
            <assignToReference>New_Material_Item.Quantity__c</assignToReference>
            <operator>Assign</operator>
            <value>
                <elementReference>Loop_through_material_items.Quantity__c</elementReference>
            </value>
        </assignmentItems>
        <assignmentItems>
            <assignToReference>New_Material_Item.Installed_Asset__c</assignToReference>
            <operator>Assign</operator>
            <value>
                <elementReference>Create_Installed_Asset</elementReference>
            </value>
        </assignmentItems>
        <connector>
            <targetReference>Assign_Material_items_to_collection</targetReference>
        </connector>
    </assignments>
    <assignments>
        <name>Assign_Material_items_to_collection</name>
        <label>Assign Material items to collection</label>
        <locationX>1007</locationX>
        <locationY>213</locationY>
        <assignmentItems>
            <assignToReference>New_Material_Item_Collection</assignToReference>
            <operator>Add</operator>
            <value>
                <elementReference>New_Material_Item</elementReference>
            </value>
        </assignmentItems>
        <connector>
            <targetReference>Loop_through_material_items</targetReference>
        </connector>
    </assignments>
    <interviewLabel>Capitalize Asset and associate with original WR {!$Flow.CurrentDateTime}</interviewLabel>
    <label>Capitalize Asset and associate with original WR</label>
    <loops>
        <name>Loop_through_material_items</name>
        <label>Loop through material items</label>
        <locationX>760</locationX>
        <locationY>212</locationY>
        <collectionReference>Get_Material_Items</collectionReference>
        <iterationOrder>Asc</iterationOrder>
        <nextValueConnector>
            <targetReference>Assign_material_items</targetReference>
        </nextValueConnector>
        <noMoreValuesConnector>
            <targetReference>Create_Material_Items</targetReference>
        </noMoreValuesConnector>
    </loops>
    <processMetadataValues>
        <name>BuilderType</name>
        <value>
            <stringValue>LightningFlowBuilder</stringValue>
        </value>
    </processMetadataValues>
    <processMetadataValues>
        <name>OriginBuilderType</name>
        <value>
            <stringValue>LightningFlowBuilder</stringValue>
        </value>
    </processMetadataValues>
    <processType>Flow</processType>
    <recordCreates>
        <name>Create_Capitalized_Asset</name>
        <label>Create Capitalized Asset</label>
        <locationX>1003</locationX>
        <locationY>45</locationY>
        <connector>
            <targetReference>Success_Screen</targetReference>
        </connector>
        <inputAssignments>
            <field>Installed_Asset__c</field>
            <value>
                <elementReference>Get_installed_asset.Id</elementReference>
            </value>
        </inputAssignments>
        <inputAssignments>
            <field>Job__c</field>
            <value>
                <elementReference>Get_Job_for_Installed_Asset.Id</elementReference>
            </value>
        </inputAssignments>
        <inputAssignments>
            <field>Work_Request__c</field>
            <value>
                <elementReference>Get_WR.Id</elementReference>
            </value>
        </inputAssignments>
        <object>Capitalised_Asset__c</object>
        <storeOutputAutomatically>true</storeOutputAutomatically>
    </recordCreates>
    <recordCreates>
        <name>Create_Installed_Asset</name>
        <label>Create Installed Asset</label>
        <locationX>360</locationX>
        <locationY>402</locationY>
        <connector>
            <targetReference>Get_Material_Items</targetReference>
        </connector>
        <inputAssignments>
            <field>Access_Agreement__c</field>
            <value>
                <elementReference>Get_Job.Work_Request__r.Access_Agreement__c</elementReference>
            </value>
        </inputAssignments>
        <inputAssignments>
            <field>Asset_Category__c</field>
            <value>
                <elementReference>Get_Job.Asset_Category__c</elementReference>
            </value>
        </inputAssignments>
        <inputAssignments>
            <field>Circuit__c</field>
            <value>
                <elementReference>Get_Job.Circuit__c</elementReference>
            </value>
        </inputAssignments>
        <inputAssignments>
            <field>City__c</field>
            <value>
                <elementReference>Get_Job.City__c</elementReference>
            </value>
        </inputAssignments>
        <inputAssignments>
            <field>Country__c</field>
            <value>
                <elementReference>Get_Job.Country__c</elementReference>
            </value>
        </inputAssignments>
        <inputAssignments>
            <field>Current_Value__c</field>
            <value>
                <elementReference>Get_Job.Actual_Cost__c</elementReference>
            </value>
        </inputAssignments>
        <inputAssignments>
            <field>Description__c</field>
            <value>
                <elementReference>Get_Job.Standard_Job__r.Capitalised_Asset_Description__c</elementReference>
            </value>
        </inputAssignments>
        <inputAssignments>
            <field>Grid_Reference__c</field>
            <value>
                <elementReference>Get_Job.Grid_Reference__c</elementReference>
            </value>
        </inputAssignments>
        <inputAssignments>
            <field>Installed_Date__c</field>
            <value>
                <elementReference>Installed_Date</elementReference>
            </value>
        </inputAssignments>
        <inputAssignments>
            <field>Local_Authority__c</field>
            <value>
                <elementReference>Get_Job.Local_Authority__c</elementReference>
            </value>
        </inputAssignments>
        <inputAssignments>
            <field>Name</field>
            <value>
                <stringValue>{!Get_Job.Standard_Job__r.Capitalised_Asset_Name__c}, {!Get_Job.Street__c}, {!Get_Job.City__c}</stringValue>
            </value>
        </inputAssignments>
        <inputAssignments>
            <field>Parent_Installed_Asset__c</field>
            <value>
                <elementReference>Lookup_Parent_Asset.recordId</elementReference>
            </value>
        </inputAssignments>
        <inputAssignments>
            <field>Property__c</field>
            <value>
                <elementReference>Get_Job.Property__c</elementReference>
            </value>
        </inputAssignments>
        <inputAssignments>
            <field>Quantity__c</field>
            <value>
                <elementReference>Get_Job.Actual_Quantity__c</elementReference>
            </value>
        </inputAssignments>
        <inputAssignments>
            <field>Recovery_Value__c</field>
            <value>
                <elementReference>Get_Job.Recovery_Value__c</elementReference>
            </value>
        </inputAssignments>
        <inputAssignments>
            <field>Region__c</field>
            <value>
                <elementReference>Get_Job.Region__c</elementReference>
            </value>
        </inputAssignments>
        <inputAssignments>
            <field>State_Province__c</field>
            <value>
                <elementReference>Get_Job.State_Province__c</elementReference>
            </value>
        </inputAssignments>
        <inputAssignments>
            <field>Street__c</field>
            <value>
                <elementReference>Get_Job.Street__c</elementReference>
            </value>
        </inputAssignments>
        <inputAssignments>
            <field>Utility_Type__c</field>
            <value>
                <elementReference>Get_Job.Utility_Type__c</elementReference>
            </value>
        </inputAssignments>
        <inputAssignments>
            <field>Zip_Postal_Code__c</field>
            <value>
                <elementReference>Get_Job.Zip_Postal_Code__c</elementReference>
            </value>
        </inputAssignments>
        <object>Installed_Asset__c</object>
        <storeOutputAutomatically>true</storeOutputAutomatically>
    </recordCreates>
    <recordCreates>
        <name>Create_Material_Items</name>
        <label>Create Material Items</label>
        <locationX>539</locationX>
        <locationY>216</locationY>
        <connector>
            <targetReference>Get_installed_asset</targetReference>
        </connector>
        <inputReference>New_Material_Item_Collection</inputReference>
    </recordCreates>
    <recordLookups>
        <name>Get_installed_asset</name>
        <label>Get installed asset</label>
        <locationX>344</locationX>
        <locationY>138</locationY>
        <assignNullValuesIfNoRecordsFound>false</assignNullValuesIfNoRecordsFound>
        <connector>
            <targetReference>Update_Job_Asset_Capitalised</targetReference>
        </connector>
        <filterLogic>and</filterLogic>
        <filters>
            <field>Id</field>
            <operator>EqualTo</operator>
            <value>
                <elementReference>Create_Installed_Asset</elementReference>
            </value>
        </filters>
        <getFirstRecordOnly>true</getFirstRecordOnly>
        <object>Installed_Asset__c</object>
        <storeOutputAutomatically>true</storeOutputAutomatically>
    </recordLookups>
    <recordLookups>
        <name>Get_Job</name>
        <label>Get Job</label>
        <locationX>146</locationX>
        <locationY>202</locationY>
        <assignNullValuesIfNoRecordsFound>false</assignNullValuesIfNoRecordsFound>
        <connector>
            <targetReference>Capture_Installed_Asset_Details</targetReference>
        </connector>
        <filterLogic>and</filterLogic>
        <filters>
            <field>Id</field>
            <operator>EqualTo</operator>
            <value>
                <elementReference>recordId</elementReference>
            </value>
        </filters>
        <getFirstRecordOnly>true</getFirstRecordOnly>
        <object>Job__c</object>
        <sortField>Id</sortField>
        <sortOrder>Asc</sortOrder>
        <storeOutputAutomatically>true</storeOutputAutomatically>
    </recordLookups>
    <recordLookups>
        <name>Get_Job_for_Installed_Asset</name>
        <label>Get Job for Installed Asset</label>
        <locationX>704</locationX>
        <locationY>49</locationY>
        <assignNullValuesIfNoRecordsFound>false</assignNullValuesIfNoRecordsFound>
        <connector>
            <targetReference>Get_WR</targetReference>
        </connector>
        <filterLogic>and</filterLogic>
        <filters>
            <field>Id</field>
            <operator>EqualTo</operator>
            <value>
                <elementReference>recordId</elementReference>
            </value>
        </filters>
        <getFirstRecordOnly>true</getFirstRecordOnly>
        <object>Job__c</object>
        <sortField>Id</sortField>
        <sortOrder>Asc</sortOrder>
        <storeOutputAutomatically>true</storeOutputAutomatically>
    </recordLookups>
    <recordLookups>
        <name>Get_Material_Items</name>
        <label>Get Material Items</label>
        <locationX>613</locationX>
        <locationY>401</locationY>
        <assignNullValuesIfNoRecordsFound>false</assignNullValuesIfNoRecordsFound>
        <connector>
            <targetReference>Loop_through_material_items</targetReference>
        </connector>
        <filterLogic>and</filterLogic>
        <filters>
            <field>Job__c</field>
            <operator>EqualTo</operator>
            <value>
                <elementReference>Get_Job.Id</elementReference>
            </value>
        </filters>
        <getFirstRecordOnly>false</getFirstRecordOnly>
        <object>Material_Item__c</object>
        <sortField>Id</sortField>
        <sortOrder>Asc</sortOrder>
        <storeOutputAutomatically>true</storeOutputAutomatically>
    </recordLookups>
    <recordLookups>
        <name>Get_WR</name>
        <label>Get WR</label>
        <locationX>869</locationX>
        <locationY>46</locationY>
        <assignNullValuesIfNoRecordsFound>false</assignNullValuesIfNoRecordsFound>
        <connector>
            <targetReference>Create_Capitalized_Asset</targetReference>
        </connector>
        <filterLogic>and</filterLogic>
        <filters>
            <field>Id</field>
            <operator>EqualTo</operator>
            <value>
                <elementReference>Get_Job.Work_Request__c</elementReference>
            </value>
        </filters>
        <getFirstRecordOnly>true</getFirstRecordOnly>
        <object>Work_Request__c</object>
        <sortField>Id</sortField>
        <sortOrder>Asc</sortOrder>
        <storeOutputAutomatically>true</storeOutputAutomatically>
    </recordLookups>
    <recordUpdates>
        <name>Update_Job_Asset_Capitalised</name>
        <label>Update Job Asset Capitalised</label>
        <locationX>542</locationX>
        <locationY>51</locationY>
        <connector>
            <targetReference>Get_Job_for_Installed_Asset</targetReference>
        </connector>
        <filterLogic>and</filterLogic>
        <filters>
            <field>Id</field>
            <operator>EqualTo</operator>
            <value>
                <elementReference>Get_Job.Id</elementReference>
            </value>
        </filters>
        <inputAssignments>
            <field>Asset_Capitalised__c</field>
            <value>
                <booleanValue>true</booleanValue>
            </value>
        </inputAssignments>
        <object>Job__c</object>
    </recordUpdates>
    <screens>
        <name>Capture_Installed_Asset_Details</name>
        <label>Please Enter Installed Asset Details</label>
        <locationX>146</locationX>
        <locationY>401</locationY>
        <allowBack>false</allowBack>
        <allowFinish>true</allowFinish>
        <allowPause>true</allowPause>
        <connector>
            <targetReference>Create_Installed_Asset</targetReference>
        </connector>
        <fields>
            <name>Installed_Date</name>
            <dataType>Date</dataType>
            <fieldText>Installed Date</fieldText>
            <fieldType>InputField</fieldType>
            <isRequired>true</isRequired>
        </fields>
        <fields>
            <name>Lookup_Parent_Asset</name>
            <extensionName>flowruntime:lookup</extensionName>
            <fieldType>ComponentInstance</fieldType>
            <inputParameters>
                <name>fieldApiName</name>
                <value>
                    <stringValue>Parent_Installed_Asset__c</stringValue>
                </value>
            </inputParameters>
            <inputParameters>
                <name>label</name>
                <value>
                    <stringValue>Parent Installed Asset</stringValue>
                </value>
            </inputParameters>
            <inputParameters>
                <name>objectApiName</name>
                <value>
                    <stringValue>Installed_Asset__c</stringValue>
                </value>
            </inputParameters>
            <isRequired>true</isRequired>
            <storeOutputAutomatically>true</storeOutputAutomatically>
        </fields>
        <showFooter>true</showFooter>
        <showHeader>true</showHeader>
    </screens>
    <screens>
        <name>Success_Screen</name>
        <label>Success Screen</label>
        <locationX>1151</locationX>
        <locationY>45</locationY>
        <allowBack>true</allowBack>
        <allowFinish>true</allowFinish>
        <allowPause>true</allowPause>
        <fields>
            <name>Success_Message</name>
            <fieldText>&lt;p&gt;&lt;span style=&quot;font-size: 18px;&quot;&gt;﻿Installed Asset successfully created.&lt;/span&gt;&lt;/p&gt;</fieldText>
            <fieldType>DisplayText</fieldType>
        </fields>
        <showFooter>true</showFooter>
        <showHeader>true</showHeader>
    </screens>
    <start>
        <locationX>21</locationX>
        <locationY>34</locationY>
        <connector>
            <targetReference>Get_Job</targetReference>
        </connector>
    </start>
    <status>Active</status>
    <variables>
        <name>EmptyMaterialItemCollection</name>
        <dataType>SObject</dataType>
        <isCollection>true</isCollection>
        <isInput>true</isInput>
        <isOutput>true</isOutput>
        <objectType>Material_Item__c</objectType>
    </variables>
    <variables>
        <name>InstalledAssetName</name>
        <dataType>String</dataType>
        <isCollection>false</isCollection>
        <isInput>true</isInput>
        <isOutput>true</isOutput>
    </variables>
    <variables>
        <name>JobId</name>
        <dataType>String</dataType>
        <isCollection>false</isCollection>
        <isInput>true</isInput>
        <isOutput>true</isOutput>
    </variables>
    <variables>
        <name>New_Material_Item</name>
        <dataType>SObject</dataType>
        <isCollection>false</isCollection>
        <isInput>true</isInput>
        <isOutput>true</isOutput>
        <objectType>Material_Item__c</objectType>
    </variables>
    <variables>
        <name>New_Material_Item_Collection</name>
        <dataType>SObject</dataType>
        <isCollection>true</isCollection>
        <isInput>true</isInput>
        <isOutput>true</isOutput>
        <objectType>Material_Item__c</objectType>
    </variables>
    <variables>
        <name>NewInstalledAssetName</name>
        <dataType>String</dataType>
        <isCollection>false</isCollection>
        <isInput>false</isInput>
        <isOutput>false</isOutput>
    </variables>
    <variables>
        <name>recordId</name>
        <dataType>String</dataType>
        <isCollection>false</isCollection>
        <isInput>true</isInput>
        <isOutput>false</isOutput>
    </variables>
</Flow>
