<?xml version="1.0" encoding="UTF-8"?>
<Flow xmlns="http://soap.sforce.com/2006/04/metadata">
    <apiVersion>49.0</apiVersion>
    <assignments>
        <name>Assign_Jobs</name>
        <label>Assign Jobs</label>
        <locationX>1007</locationX>
        <locationY>473</locationY>
        <assignmentItems>
            <assignToReference>NewJob.Activity_Type__c</assignToReference>
            <operator>Assign</operator>
            <value>
                <elementReference>Loop_through_Jobs.Activity_Type__c</elementReference>
            </value>
        </assignmentItems>
        <assignmentItems>
            <assignToReference>NewJob.Asset_Category__c</assignToReference>
            <operator>Assign</operator>
            <value>
                <elementReference>Loop_through_Jobs.Asset_Category__c</elementReference>
            </value>
        </assignmentItems>
        <assignmentItems>
            <assignToReference>NewJob.Circuit__c</assignToReference>
            <operator>Assign</operator>
            <value>
                <elementReference>Loop_through_Jobs.Circuit__c</elementReference>
            </value>
        </assignmentItems>
        <assignmentItems>
            <assignToReference>NewJob.City__c</assignToReference>
            <operator>Assign</operator>
            <value>
                <elementReference>Loop_through_Jobs.City__c</elementReference>
            </value>
        </assignmentItems>
        <assignmentItems>
            <assignToReference>NewJob.Country__c</assignToReference>
            <operator>Assign</operator>
            <value>
                <elementReference>Loop_through_Jobs.Country__c</elementReference>
            </value>
        </assignmentItems>
        <assignmentItems>
            <assignToReference>NewJob.Description__c</assignToReference>
            <operator>Assign</operator>
            <value>
                <elementReference>Loop_through_Jobs.Description__c</elementReference>
            </value>
        </assignmentItems>
        <assignmentItems>
            <assignToReference>NewJob.Grid_Reference__c</assignToReference>
            <operator>Assign</operator>
            <value>
                <elementReference>Loop_through_Jobs.Grid_Reference__c</elementReference>
            </value>
        </assignmentItems>
        <assignmentItems>
            <assignToReference>NewJob.Installed_Asset__c</assignToReference>
            <operator>Assign</operator>
            <value>
                <elementReference>Loop_through_Jobs.Installed_Asset__c</elementReference>
            </value>
        </assignmentItems>
        <assignmentItems>
            <assignToReference>NewJob.Local_Authority__c</assignToReference>
            <operator>Assign</operator>
            <value>
                <elementReference>Loop_through_Jobs.Local_Authority__c</elementReference>
            </value>
        </assignmentItems>
        <assignmentItems>
            <assignToReference>NewJob.Name</assignToReference>
            <operator>Assign</operator>
            <value>
                <elementReference>Loop_through_Jobs.Name</elementReference>
            </value>
        </assignmentItems>
        <assignmentItems>
            <assignToReference>NewJob.Project__c</assignToReference>
            <operator>Assign</operator>
            <value>
                <elementReference>Loop_through_Jobs.Project__c</elementReference>
            </value>
        </assignmentItems>
        <assignmentItems>
            <assignToReference>NewJob.Property__c</assignToReference>
            <operator>Assign</operator>
            <value>
                <elementReference>Loop_through_Jobs.Property__c</elementReference>
            </value>
        </assignmentItems>
        <assignmentItems>
            <assignToReference>NewJob.Region__c</assignToReference>
            <operator>Assign</operator>
            <value>
                <elementReference>Loop_through_Jobs.Region__c</elementReference>
            </value>
        </assignmentItems>
        <assignmentItems>
            <assignToReference>NewJob.Site__c</assignToReference>
            <operator>Assign</operator>
            <value>
                <elementReference>Loop_through_Jobs.Site__c</elementReference>
            </value>
        </assignmentItems>
        <assignmentItems>
            <assignToReference>NewJob.Standard_Job__c</assignToReference>
            <operator>Assign</operator>
            <value>
                <elementReference>Loop_through_Jobs.Standard_Job__c</elementReference>
            </value>
        </assignmentItems>
        <assignmentItems>
            <assignToReference>NewJob.State_Province__c</assignToReference>
            <operator>Assign</operator>
            <value>
                <elementReference>Loop_through_Jobs.State_Province__c</elementReference>
            </value>
        </assignmentItems>
        <assignmentItems>
            <assignToReference>NewJob.Status__c</assignToReference>
            <operator>Assign</operator>
            <value>
                <stringValue>Planned</stringValue>
            </value>
        </assignmentItems>
        <assignmentItems>
            <assignToReference>NewJob.Street__c</assignToReference>
            <operator>Assign</operator>
            <value>
                <elementReference>Loop_through_Jobs.Street__c</elementReference>
            </value>
        </assignmentItems>
        <assignmentItems>
            <assignToReference>NewJob.Unit_of_Measure__c</assignToReference>
            <operator>Assign</operator>
            <value>
                <elementReference>Loop_through_Jobs.Unit_of_Measure__c</elementReference>
            </value>
        </assignmentItems>
        <assignmentItems>
            <assignToReference>NewJob.Utility_Type__c</assignToReference>
            <operator>Assign</operator>
            <value>
                <elementReference>Loop_through_Jobs.Utility_Type__c</elementReference>
            </value>
        </assignmentItems>
        <assignmentItems>
            <assignToReference>NewJob.Work_Request__c</assignToReference>
            <operator>Assign</operator>
            <value>
                <elementReference>Create_Cloned_WR</elementReference>
            </value>
        </assignmentItems>
        <assignmentItems>
            <assignToReference>NewJob.Zip_Postal_Code__c</assignToReference>
            <operator>Assign</operator>
            <value>
                <elementReference>Loop_through_Jobs.Zip_Postal_Code__c</elementReference>
            </value>
        </assignmentItems>
        <assignmentItems>
            <assignToReference>NewJob.Planned_Quantity__c</assignToReference>
            <operator>Assign</operator>
            <value>
                <elementReference>Loop_through_Jobs.Planned_Quantity__c</elementReference>
            </value>
        </assignmentItems>
        <assignmentItems>
            <assignToReference>NewJob.Closed_Reason__c</assignToReference>
            <operator>Assign</operator>
        </assignmentItems>
        <connector>
            <targetReference>Assign_Jobs_to_a_collection</targetReference>
        </connector>
    </assignments>
    <assignments>
        <name>Assign_Jobs_to_a_collection</name>
        <label>Assign Jobs to a collection</label>
        <locationX>1086</locationX>
        <locationY>210</locationY>
        <assignmentItems>
            <assignToReference>NewJobCollection</assignToReference>
            <operator>Add</operator>
            <value>
                <elementReference>NewJob</elementReference>
            </value>
        </assignmentItems>
        <connector>
            <targetReference>Loop_through_Jobs</targetReference>
        </connector>
    </assignments>
    <assignments>
        <name>Assign_Number_of_Clones_As_20</name>
        <label>Assign Number of Clones As 20</label>
        <locationX>483</locationX>
        <locationY>262</locationY>
        <assignmentItems>
            <assignToReference>InputCloneNumber</assignToReference>
            <operator>Assign</operator>
            <value>
                <numberValue>20.0</numberValue>
            </value>
        </assignmentItems>
        <connector>
            <targetReference>Get_WR</targetReference>
        </connector>
    </assignments>
    <assignments>
        <name>AssignNumberofClonesToVariable</name>
        <label>AssignNumberofClonesToVariable</label>
        <locationX>53</locationX>
        <locationY>187</locationY>
        <assignmentItems>
            <assignToReference>InputCloneNumber</assignToReference>
            <operator>Assign</operator>
            <value>
                <elementReference>GetNumberOfClones</elementReference>
            </value>
        </assignmentItems>
        <assignmentItems>
            <assignToReference>Plot_Number</assignToReference>
            <operator>Assign</operator>
            <value>
                <elementReference>Get_Starting_Number</elementReference>
            </value>
        </assignmentItems>
        <connector>
            <targetReference>Number_of_clones_greater_than_20</targetReference>
        </connector>
    </assignments>
    <assignments>
        <name>Decrement_Loop_Counter_Increment_Plot_Number</name>
        <label>Decrement Loop Counter Increment Plot Number</label>
        <locationX>587</locationX>
        <locationY>467</locationY>
        <assignmentItems>
            <assignToReference>InputCloneNumber</assignToReference>
            <operator>Subtract</operator>
            <value>
                <numberValue>1.0</numberValue>
            </value>
        </assignmentItems>
        <assignmentItems>
            <assignToReference>Plot_Number</assignToReference>
            <operator>Add</operator>
            <value>
                <numberValue>1.0</numberValue>
            </value>
        </assignmentItems>
        <connector>
            <targetReference>LoopCounterIsZero</targetReference>
        </connector>
    </assignments>
    <assignments>
        <name>Remove_Job_from_collection</name>
        <label>Remove Job from collection</label>
        <locationX>694</locationX>
        <locationY>475</locationY>
        <assignmentItems>
            <assignToReference>NewJobCollection</assignToReference>
            <operator>Assign</operator>
            <value>
                <elementReference>EmptyJobCollection</elementReference>
            </value>
        </assignmentItems>
        <connector>
            <targetReference>Decrement_Loop_Counter_Increment_Plot_Number</targetReference>
        </connector>
    </assignments>
    <decisions>
        <name>LoopCounterIsZero</name>
        <label>LoopCounterIsZero</label>
        <locationX>470</locationX>
        <locationY>386</locationY>
        <defaultConnector>
            <targetReference>Create_Cloned_WR</targetReference>
        </defaultConnector>
        <defaultConnectorLabel>Loop Counter &gt; 0</defaultConnectorLabel>
        <rules>
            <name>LoopCounterEqualsZero</name>
            <conditionLogic>and</conditionLogic>
            <conditions>
                <leftValueReference>InputCloneNumber</leftValueReference>
                <operator>LessThanOrEqualTo</operator>
                <rightValue>
                    <numberValue>0.0</numberValue>
                </rightValue>
            </conditions>
            <connector>
                <targetReference>Success_message</targetReference>
            </connector>
            <label>LoopCounterEqualsZero</label>
        </rules>
    </decisions>
    <decisions>
        <name>Number_of_clones_greater_than_20</name>
        <label>Number of clones &gt; 20</label>
        <locationX>211</locationX>
        <locationY>189</locationY>
        <defaultConnector>
            <targetReference>Get_WR</targetReference>
        </defaultConnector>
        <defaultConnectorLabel>Less than 20</defaultConnectorLabel>
        <rules>
            <name>Greater_than_20</name>
            <conditionLogic>and</conditionLogic>
            <conditions>
                <leftValueReference>InputCloneNumber</leftValueReference>
                <operator>GreaterThan</operator>
                <rightValue>
                    <numberValue>20.0</numberValue>
                </rightValue>
            </conditions>
            <connector>
                <targetReference>Assign_Number_of_Clones_As_20</targetReference>
            </connector>
            <label>Greater than 20</label>
        </rules>
    </decisions>
    <description>Clones a Work Request and it&apos;s jobs</description>
    <interviewLabel>Plot Generator {!$Flow.CurrentDateTime}</interviewLabel>
    <label>Plot Generator</label>
    <loops>
        <name>Loop_through_Jobs</name>
        <label>Loop through Jobs</label>
        <locationX>906</locationX>
        <locationY>211</locationY>
        <collectionReference>Get_Jobs</collectionReference>
        <iterationOrder>Asc</iterationOrder>
        <nextValueConnector>
            <targetReference>Assign_Jobs</targetReference>
        </nextValueConnector>
        <noMoreValuesConnector>
            <targetReference>Create_Jobs</targetReference>
        </noMoreValuesConnector>
    </loops>
    <processMetadataValues>
        <name>BuilderType</name>
        <value>
            <stringValue>LightningFlowBuilder</stringValue>
        </value>
    </processMetadataValues>
    <processMetadataValues>
        <name>OriginBuilderType</name>
        <value>
            <stringValue>LightningFlowBuilder</stringValue>
        </value>
    </processMetadataValues>
    <processType>Flow</processType>
    <recordCreates>
        <name>Create_Cloned_WR</name>
        <label>Create Cloned WR</label>
        <locationX>786</locationX>
        <locationY>226</locationY>
        <connector>
            <targetReference>Get_Jobs</targetReference>
        </connector>
        <inputAssignments>
            <field>Circuit__c</field>
            <value>
                <elementReference>Get_WR.Circuit__c</elementReference>
            </value>
        </inputAssignments>
        <inputAssignments>
            <field>City__c</field>
            <value>
                <elementReference>Get_WR.City__c</elementReference>
            </value>
        </inputAssignments>
        <inputAssignments>
            <field>Contractor__c</field>
            <value>
                <elementReference>Get_WR.Contractor__c</elementReference>
            </value>
        </inputAssignments>
        <inputAssignments>
            <field>Cost_Centre__c</field>
            <value>
                <elementReference>Get_WR.Cost_Centre__c</elementReference>
            </value>
        </inputAssignments>
        <inputAssignments>
            <field>Country__c</field>
            <value>
                <elementReference>Get_WR.Country__c</elementReference>
            </value>
        </inputAssignments>
        <inputAssignments>
            <field>Customer_Contact__c</field>
            <value>
                <elementReference>Get_WR.Customer_Contact__c</elementReference>
            </value>
        </inputAssignments>
        <inputAssignments>
            <field>Customer__c</field>
            <value>
                <elementReference>Get_WR.Customer__c</elementReference>
            </value>
        </inputAssignments>
        <inputAssignments>
            <field>Description__c</field>
            <value>
                <elementReference>Get_WR.Description__c</elementReference>
            </value>
        </inputAssignments>
        <inputAssignments>
            <field>Enquiry__c</field>
            <value>
                <elementReference>Get_WR.Enquiry__c</elementReference>
            </value>
        </inputAssignments>
        <inputAssignments>
            <field>Grid_Reference__c</field>
            <value>
                <elementReference>Get_WR.Grid_Reference__c</elementReference>
            </value>
        </inputAssignments>
        <inputAssignments>
            <field>Installed_Asset__c</field>
            <value>
                <elementReference>Get_WR.Installed_Asset__c</elementReference>
            </value>
        </inputAssignments>
        <inputAssignments>
            <field>Labour_Type__c</field>
            <value>
                <elementReference>Get_WR.Labour_Type__c</elementReference>
            </value>
        </inputAssignments>
        <inputAssignments>
            <field>Local_Authority__c</field>
            <value>
                <elementReference>Get_WR.Local_Authority__c</elementReference>
            </value>
        </inputAssignments>
        <inputAssignments>
            <field>Name</field>
            <value>
                <stringValue>Plot {!Plot_Number}, {!Get_WR.Project__r.Name}</stringValue>
            </value>
        </inputAssignments>
        <inputAssignments>
            <field>Parent_Work_Request__c</field>
            <value>
                <elementReference>Get_WR.Parent_Work_Request__c</elementReference>
            </value>
        </inputAssignments>
        <inputAssignments>
            <field>Project__c</field>
            <value>
                <elementReference>Get_WR.Project__c</elementReference>
            </value>
        </inputAssignments>
        <inputAssignments>
            <field>Property__c</field>
            <value>
                <elementReference>Get_WR.Property__c</elementReference>
            </value>
        </inputAssignments>
        <inputAssignments>
            <field>Quantity__c</field>
            <value>
                <elementReference>Get_WR.Quantity__c</elementReference>
            </value>
        </inputAssignments>
        <inputAssignments>
            <field>Region__c</field>
            <value>
                <elementReference>Get_WR.Region__c</elementReference>
            </value>
        </inputAssignments>
        <inputAssignments>
            <field>Site__c</field>
            <value>
                <elementReference>Get_WR.Site__c</elementReference>
            </value>
        </inputAssignments>
        <inputAssignments>
            <field>Standard_Job__c</field>
            <value>
                <elementReference>Get_WR.Standard_Job__c</elementReference>
            </value>
        </inputAssignments>
        <inputAssignments>
            <field>State_Province__c</field>
            <value>
                <elementReference>Get_WR.State_Province__c</elementReference>
            </value>
        </inputAssignments>
        <inputAssignments>
            <field>Status__c</field>
            <value>
                <stringValue>Planned</stringValue>
            </value>
        </inputAssignments>
        <inputAssignments>
            <field>Street__c</field>
            <value>
                <elementReference>Get_WR.Street__c</elementReference>
            </value>
        </inputAssignments>
        <inputAssignments>
            <field>Work_Category__c</field>
            <value>
                <elementReference>Get_WR.Work_Category__c</elementReference>
            </value>
        </inputAssignments>
        <inputAssignments>
            <field>Work_Request_Type__c</field>
            <value>
                <stringValue>Service</stringValue>
            </value>
        </inputAssignments>
        <inputAssignments>
            <field>Zip_Postal_Code__c</field>
            <value>
                <elementReference>Get_WR.Zip_Postal_Code__c</elementReference>
            </value>
        </inputAssignments>
        <object>Work_Request__c</object>
        <storeOutputAutomatically>true</storeOutputAutomatically>
    </recordCreates>
    <recordCreates>
        <name>Create_Jobs</name>
        <label>Create Jobs</label>
        <locationX>796</locationX>
        <locationY>458</locationY>
        <connector>
            <targetReference>Remove_Job_from_collection</targetReference>
        </connector>
        <inputReference>NewJobCollection</inputReference>
    </recordCreates>
    <recordLookups>
        <name>Get_Jobs</name>
        <label>Get Jobs</label>
        <locationX>847</locationX>
        <locationY>48</locationY>
        <assignNullValuesIfNoRecordsFound>false</assignNullValuesIfNoRecordsFound>
        <connector>
            <targetReference>Loop_through_Jobs</targetReference>
        </connector>
        <filterLogic>and</filterLogic>
        <filters>
            <field>Work_Request__c</field>
            <operator>EqualTo</operator>
            <value>
                <elementReference>Get_WR.Id</elementReference>
            </value>
        </filters>
        <getFirstRecordOnly>false</getFirstRecordOnly>
        <object>Job__c</object>
        <sortField>Id</sortField>
        <sortOrder>Asc</sortOrder>
        <storeOutputAutomatically>true</storeOutputAutomatically>
    </recordLookups>
    <recordLookups>
        <name>Get_WR</name>
        <label>Get WR</label>
        <locationX>580</locationX>
        <locationY>116</locationY>
        <assignNullValuesIfNoRecordsFound>false</assignNullValuesIfNoRecordsFound>
        <connector>
            <targetReference>Create_Cloned_WR</targetReference>
        </connector>
        <filterLogic>and</filterLogic>
        <filters>
            <field>Id</field>
            <operator>EqualTo</operator>
            <value>
                <elementReference>recordId</elementReference>
            </value>
        </filters>
        <getFirstRecordOnly>true</getFirstRecordOnly>
        <object>Work_Request__c</object>
        <sortField>Id</sortField>
        <sortOrder>Asc</sortOrder>
        <storeOutputAutomatically>true</storeOutputAutomatically>
    </recordLookups>
    <screens>
        <name>Clone_generator</name>
        <label>Clone generator</label>
        <locationX>53</locationX>
        <locationY>37</locationY>
        <allowBack>false</allowBack>
        <allowFinish>true</allowFinish>
        <allowPause>false</allowPause>
        <connector>
            <targetReference>AssignNumberofClonesToVariable</targetReference>
        </connector>
        <fields>
            <name>GetNumberOfClones</name>
            <dataType>Number</dataType>
            <defaultValue>
                <elementReference>GetNumberOfClones</elementReference>
            </defaultValue>
            <fieldText>Please enter number of Plots ( Max 20 )</fieldText>
            <fieldType>InputField</fieldType>
            <isRequired>true</isRequired>
            <scale>0</scale>
        </fields>
        <fields>
            <name>Get_Starting_Number</name>
            <dataType>Number</dataType>
            <fieldText>Please enter starting number</fieldText>
            <fieldType>InputField</fieldType>
            <isRequired>true</isRequired>
            <scale>0</scale>
        </fields>
        <showFooter>true</showFooter>
        <showHeader>false</showHeader>
    </screens>
    <screens>
        <name>Success_message</name>
        <label>Success message</label>
        <locationX>91</locationX>
        <locationY>389</locationY>
        <allowBack>false</allowBack>
        <allowFinish>true</allowFinish>
        <allowPause>false</allowPause>
        <fields>
            <name>Clones_Created_Screen</name>
            <fieldText>&lt;p&gt;Records created successfully. Please click Finish to refresh your screen. The cloned Work Requests will be named XXX Clone N&lt;/p&gt;</fieldText>
            <fieldType>DisplayText</fieldType>
        </fields>
        <showFooter>true</showFooter>
        <showHeader>false</showHeader>
    </screens>
    <start>
        <locationX>248</locationX>
        <locationY>20</locationY>
        <connector>
            <targetReference>Clone_generator</targetReference>
        </connector>
    </start>
    <status>Active</status>
    <variables>
        <name>EmptyJobCollection</name>
        <dataType>SObject</dataType>
        <isCollection>true</isCollection>
        <isInput>true</isInput>
        <isOutput>true</isOutput>
        <objectType>Job__c</objectType>
    </variables>
    <variables>
        <name>InputCloneNumber</name>
        <dataType>Number</dataType>
        <isCollection>false</isCollection>
        <isInput>true</isInput>
        <isOutput>true</isOutput>
        <scale>0</scale>
    </variables>
    <variables>
        <name>LoopCounter</name>
        <dataType>Number</dataType>
        <isCollection>false</isCollection>
        <isInput>true</isInput>
        <isOutput>true</isOutput>
        <scale>0</scale>
    </variables>
    <variables>
        <name>NewJob</name>
        <dataType>SObject</dataType>
        <isCollection>false</isCollection>
        <isInput>true</isInput>
        <isOutput>true</isOutput>
        <objectType>Job__c</objectType>
    </variables>
    <variables>
        <name>NewJobCollection</name>
        <dataType>SObject</dataType>
        <isCollection>true</isCollection>
        <isInput>true</isInput>
        <isOutput>true</isOutput>
        <objectType>Job__c</objectType>
    </variables>
    <variables>
        <name>Plot_Number</name>
        <dataType>Number</dataType>
        <isCollection>false</isCollection>
        <isInput>true</isInput>
        <isOutput>true</isOutput>
        <scale>0</scale>
    </variables>
    <variables>
        <name>recordId</name>
        <dataType>String</dataType>
        <isCollection>false</isCollection>
        <isInput>true</isInput>
        <isOutput>true</isOutput>
    </variables>
    <variables>
        <name>Work_Request_Id</name>
        <dataType>String</dataType>
        <isCollection>false</isCollection>
        <isInput>true</isInput>
        <isOutput>false</isOutput>
    </variables>
    <variables>
        <name>WROriginID</name>
        <dataType>String</dataType>
        <isCollection>false</isCollection>
        <isInput>true</isInput>
        <isOutput>true</isOutput>
    </variables>
</Flow>
