<?xml version="1.0" encoding="UTF-8"?>
<Flow xmlns="http://soap.sforce.com/2006/04/metadata">
    <apiVersion>49.0</apiVersion>
    <decisions>
        <processMetadataValues>
            <name>index</name>
            <value>
                <numberValue>0.0</numberValue>
            </value>
        </processMetadataValues>
        <name>myDecision</name>
        <label>myDecision</label>
        <locationX>50</locationX>
        <locationY>0</locationY>
        <defaultConnectorLabel>default</defaultConnectorLabel>
        <rules>
            <name>myRule_1</name>
            <conditionLogic>and</conditionLogic>
            <conditions>
                <leftValueReference>formula_myRule_1</leftValueReference>
                <operator>EqualTo</operator>
                <rightValue>
                    <booleanValue>true</booleanValue>
                </rightValue>
            </conditions>
            <connector>
                <targetReference>myRule_1_A1</targetReference>
            </connector>
            <label>Is New or Changed</label>
        </rules>
    </decisions>
    <description>updates the estimate item cost when a standard job is added or the quantity is changed</description>
    <formulas>
        <processMetadataValues>
            <name>originalFormula</name>
            <value>
                <stringValue>[Estimate_Item__c].Standard_Job__r.Estimated_Duration__c * [Estimate_Item__c].Quantity__c </stringValue>
            </value>
        </processMetadataValues>
        <name>formula_2_myRule_1_A1_2392165141</name>
        <dataType>Number</dataType>
        <expression>{!myVariable_current.Standard_Job__r.Estimated_Duration__c} * {!myVariable_current.Quantity__c}</expression>
        <scale>18</scale>
    </formulas>
    <formulas>
        <processMetadataValues>
            <name>originalFormula</name>
            <value>
                <stringValue>[Estimate_Item__c].Standard_Job__r.Estimated_Materials_Price__c * [Estimate_Item__c].Quantity__c </stringValue>
            </value>
        </processMetadataValues>
        <name>formula_3_myRule_1_A1_0544487409</name>
        <dataType>Currency</dataType>
        <expression>{!myVariable_current.Standard_Job__r.Estimated_Materials_Price__c} * {!myVariable_current.Quantity__c}</expression>
        <scale>18</scale>
    </formulas>
    <formulas>
        <processMetadataValues>
            <name>originalFormula</name>
            <value>
                <stringValue>[Estimate_Item__c].Standard_Job__r.Estimated_Labour_Price__c *[Estimate_Item__c].Quantity__c </stringValue>
            </value>
        </processMetadataValues>
        <name>formula_4_myRule_1_A1_9318808821</name>
        <dataType>Currency</dataType>
        <expression>{!myVariable_current.Standard_Job__r.Estimated_Labour_Price__c} *{!myVariable_current.Quantity__c}</expression>
        <scale>18</scale>
    </formulas>
    <formulas>
        <processMetadataValues>
            <name>originalFormula</name>
            <value>
                <stringValue>[Estimate_Item__c].Standard_Job__r.Estimated_Price__c * [Estimate_Item__c].Quantity__c </stringValue>
            </value>
        </processMetadataValues>
        <name>formula_5_myRule_1_A1_2529642596</name>
        <dataType>Currency</dataType>
        <expression>{!myVariable_current.Standard_Job__r.Estimated_Price__c} * {!myVariable_current.Quantity__c}</expression>
        <scale>18</scale>
    </formulas>
    <formulas>
        <processMetadataValues>
            <name>originalFormula</name>
            <value>
                <stringValue>[Estimate_Item__c].Standard_Job__r.Cost_Price__c * [Estimate_Item__c].Quantity__c </stringValue>
            </value>
        </processMetadataValues>
        <name>formula_6_myRule_1_A1_6551917419</name>
        <dataType>Currency</dataType>
        <expression>{!myVariable_current.Standard_Job__r.Cost_Price__c} * {!myVariable_current.Quantity__c}</expression>
        <scale>18</scale>
    </formulas>
    <formulas>
        <processMetadataValues>
            <name>originalFormula</name>
            <value>
                <stringValue>OR (OR( AND(ISNEW(),NOT(ISNULL([Estimate_Item__c].Standard_Job__c  ) )),ISCHANGED([Estimate_Item__c].Standard_Job__c  ) ) ,ISCHANGED([Estimate_Item__c].Quantity__c ))</stringValue>
            </value>
        </processMetadataValues>
        <name>formula_myRule_1</name>
        <dataType>Boolean</dataType>
        <expression>OR (OR( AND(ISNEW(),NOT(ISNULL({!myVariable_current.Standard_Job__c}  ) )),ISCHANGED({!myVariable_current.Standard_Job__c}  ) ) ,ISCHANGED({!myVariable_current.Quantity__c} ))</expression>
    </formulas>
    <interviewLabel>Update_estimate_item_with_costs-2_InterviewLabel</interviewLabel>
    <label>Update estimate item with costs</label>
    <processMetadataValues>
        <name>ObjectType</name>
        <value>
            <stringValue>Estimate_Item__c</stringValue>
        </value>
    </processMetadataValues>
    <processMetadataValues>
        <name>ObjectVariable</name>
        <value>
            <elementReference>myVariable_current</elementReference>
        </value>
    </processMetadataValues>
    <processMetadataValues>
        <name>OldObjectVariable</name>
        <value>
            <elementReference>myVariable_old</elementReference>
        </value>
    </processMetadataValues>
    <processMetadataValues>
        <name>TriggerType</name>
        <value>
            <stringValue>onAllChanges</stringValue>
        </value>
    </processMetadataValues>
    <processType>Workflow</processType>
    <recordUpdates>
        <processMetadataValues>
            <name>evaluationType</name>
            <value>
                <stringValue>always</stringValue>
            </value>
        </processMetadataValues>
        <processMetadataValues>
            <name>extraTypeInfo</name>
        </processMetadataValues>
        <processMetadataValues>
            <name>isChildRelationship</name>
            <value>
                <booleanValue>false</booleanValue>
            </value>
        </processMetadataValues>
        <processMetadataValues>
            <name>reference</name>
            <value>
                <stringValue>[Estimate_Item__c]</stringValue>
            </value>
        </processMetadataValues>
        <processMetadataValues>
            <name>referenceTargetField</name>
        </processMetadataValues>
        <name>myRule_1_A1</name>
        <label>Update Costs</label>
        <locationX>100</locationX>
        <locationY>200</locationY>
        <filterLogic>and</filterLogic>
        <filters>
            <processMetadataValues>
                <name>implicit</name>
                <value>
                    <booleanValue>true</booleanValue>
                </value>
            </processMetadataValues>
            <field>Id</field>
            <operator>EqualTo</operator>
            <value>
                <elementReference>myVariable_current.Id</elementReference>
            </value>
        </filters>
        <inputAssignments>
            <processMetadataValues>
                <name>dataType</name>
                <value>
                    <stringValue>Currency</stringValue>
                </value>
            </processMetadataValues>
            <processMetadataValues>
                <name>isRequired</name>
                <value>
                    <booleanValue>false</booleanValue>
                </value>
            </processMetadataValues>
            <processMetadataValues>
                <name>leftHandSideLabel</name>
                <value>
                    <stringValue>Cost Price</stringValue>
                </value>
            </processMetadataValues>
            <processMetadataValues>
                <name>leftHandSideReferenceTo</name>
                <value>
                    <stringValue></stringValue>
                </value>
            </processMetadataValues>
            <processMetadataValues>
                <name>rightHandSideType</name>
                <value>
                    <stringValue>Formula</stringValue>
                </value>
            </processMetadataValues>
            <field>Cost_Price__c</field>
            <value>
                <elementReference>formula_6_myRule_1_A1_6551917419</elementReference>
            </value>
        </inputAssignments>
        <inputAssignments>
            <processMetadataValues>
                <name>dataType</name>
                <value>
                    <stringValue>Number</stringValue>
                </value>
            </processMetadataValues>
            <processMetadataValues>
                <name>isRequired</name>
                <value>
                    <booleanValue>false</booleanValue>
                </value>
            </processMetadataValues>
            <processMetadataValues>
                <name>leftHandSideLabel</name>
                <value>
                    <stringValue>Duration (hrs)</stringValue>
                </value>
            </processMetadataValues>
            <processMetadataValues>
                <name>leftHandSideReferenceTo</name>
                <value>
                    <stringValue></stringValue>
                </value>
            </processMetadataValues>
            <processMetadataValues>
                <name>rightHandSideType</name>
                <value>
                    <stringValue>Formula</stringValue>
                </value>
            </processMetadataValues>
            <field>Duration_hrs__c</field>
            <value>
                <elementReference>formula_2_myRule_1_A1_2392165141</elementReference>
            </value>
        </inputAssignments>
        <inputAssignments>
            <processMetadataValues>
                <name>dataType</name>
                <value>
                    <stringValue>Currency</stringValue>
                </value>
            </processMetadataValues>
            <processMetadataValues>
                <name>isRequired</name>
                <value>
                    <booleanValue>false</booleanValue>
                </value>
            </processMetadataValues>
            <processMetadataValues>
                <name>leftHandSideLabel</name>
                <value>
                    <stringValue>Estimate Materials Price</stringValue>
                </value>
            </processMetadataValues>
            <processMetadataValues>
                <name>leftHandSideReferenceTo</name>
                <value>
                    <stringValue></stringValue>
                </value>
            </processMetadataValues>
            <processMetadataValues>
                <name>rightHandSideType</name>
                <value>
                    <stringValue>Formula</stringValue>
                </value>
            </processMetadataValues>
            <field>Estimate_Materials_Price__c</field>
            <value>
                <elementReference>formula_3_myRule_1_A1_0544487409</elementReference>
            </value>
        </inputAssignments>
        <inputAssignments>
            <processMetadataValues>
                <name>dataType</name>
                <value>
                    <stringValue>Currency</stringValue>
                </value>
            </processMetadataValues>
            <processMetadataValues>
                <name>isRequired</name>
                <value>
                    <booleanValue>false</booleanValue>
                </value>
            </processMetadataValues>
            <processMetadataValues>
                <name>leftHandSideLabel</name>
                <value>
                    <stringValue>Estimated Labour Price</stringValue>
                </value>
            </processMetadataValues>
            <processMetadataValues>
                <name>leftHandSideReferenceTo</name>
                <value>
                    <stringValue></stringValue>
                </value>
            </processMetadataValues>
            <processMetadataValues>
                <name>rightHandSideType</name>
                <value>
                    <stringValue>Formula</stringValue>
                </value>
            </processMetadataValues>
            <field>Estimated_Labour_Price__c</field>
            <value>
                <elementReference>formula_4_myRule_1_A1_9318808821</elementReference>
            </value>
        </inputAssignments>
        <inputAssignments>
            <processMetadataValues>
                <name>dataType</name>
                <value>
                    <stringValue>Currency</stringValue>
                </value>
            </processMetadataValues>
            <processMetadataValues>
                <name>isRequired</name>
                <value>
                    <booleanValue>false</booleanValue>
                </value>
            </processMetadataValues>
            <processMetadataValues>
                <name>leftHandSideLabel</name>
                <value>
                    <stringValue>Estimated Price</stringValue>
                </value>
            </processMetadataValues>
            <processMetadataValues>
                <name>leftHandSideReferenceTo</name>
                <value>
                    <stringValue></stringValue>
                </value>
            </processMetadataValues>
            <processMetadataValues>
                <name>rightHandSideType</name>
                <value>
                    <stringValue>Formula</stringValue>
                </value>
            </processMetadataValues>
            <field>Estimated_Price__c</field>
            <value>
                <elementReference>formula_5_myRule_1_A1_2529642596</elementReference>
            </value>
        </inputAssignments>
        <object>Estimate_Item__c</object>
    </recordUpdates>
    <startElementReference>myDecision</startElementReference>
    <status>Obsolete</status>
    <variables>
        <name>myVariable_current</name>
        <dataType>SObject</dataType>
        <isCollection>false</isCollection>
        <isInput>true</isInput>
        <isOutput>true</isOutput>
        <objectType>Estimate_Item__c</objectType>
    </variables>
    <variables>
        <name>myVariable_old</name>
        <dataType>SObject</dataType>
        <isCollection>false</isCollection>
        <isInput>true</isInput>
        <isOutput>false</isOutput>
        <objectType>Estimate_Item__c</objectType>
    </variables>
</Flow>
