<?xml version="1.0" encoding="UTF-8"?>
<GlobalValueSet xmlns="http://soap.sforce.com/2006/04/metadata">
    <customValue>
        <fullName>Admin</fullName>
        <default>false</default>
        <label>Admin</label>
    </customValue>
    <customValue>
        <fullName>Inspect</fullName>
        <default>false</default>
        <label>Inspect</label>
    </customValue>
    <customValue>
        <fullName>Install</fullName>
        <default>false</default>
        <label>Install</label>
    </customValue>
    <customValue>
        <fullName>Maintain</fullName>
        <default>false</default>
        <label>Maintain</label>
    </customValue>
    <customValue>
        <fullName>Remove</fullName>
        <default>false</default>
        <label>Remove</label>
    </customValue>
    <customValue>
        <fullName>Repair</fullName>
        <default>false</default>
        <label>Repair</label>
    </customValue>
    <customValue>
        <fullName>Replace</fullName>
        <default>false</default>
        <label>Replace</label>
    </customValue>
    <masterLabel>Activity Type</masterLabel>
    <sorted>false</sorted>
</GlobalValueSet>
