<?xml version="1.0" encoding="UTF-8"?>
<GlobalValueSet xmlns="http://soap.sforce.com/2006/04/metadata">
    <customValue>
        <fullName>Metering</fullName>
        <default>false</default>
        <label>Metering</label>
    </customValue>
    <customValue>
        <fullName>Overground Network</fullName>
        <default>false</default>
        <label>Overground Network</label>
    </customValue>
    <customValue>
        <fullName>Overhead Network</fullName>
        <default>false</default>
        <label>Overhead Network</label>
    </customValue>
    <customValue>
        <fullName>Plant &amp; Equipment</fullName>
        <default>false</default>
        <label>Plant &amp; Equipment</label>
    </customValue>
    <customValue>
        <fullName>Services</fullName>
        <default>false</default>
        <label>Services</label>
    </customValue>
    <customValue>
        <fullName>Underground Network</fullName>
        <default>false</default>
        <label>Underground Network</label>
    </customValue>
    <masterLabel>Asset Category</masterLabel>
    <sorted>false</sorted>
</GlobalValueSet>
