<?xml version="1.0" encoding="UTF-8"?>
<GlobalValueSet xmlns="http://soap.sforce.com/2006/04/metadata">
    <customValue>
        <fullName>Electricity North West Limited</fullName>
        <default>false</default>
        <label>Electricity North West Limited</label>
    </customValue>
    <customValue>
        <fullName>Northern Powergrid (Northeast) Ltd</fullName>
        <default>false</default>
        <label>Northern Powergrid (Northeast) Ltd</label>
    </customValue>
    <customValue>
        <fullName>Northern Powergrid (Yorkshire) plc</fullName>
        <default>false</default>
        <label>Northern Powergrid (Yorkshire) plc</label>
    </customValue>
    <customValue>
        <fullName>Scottish Hydro Electric Power Distribution plc</fullName>
        <default>false</default>
        <label>Scottish Hydro Electric Power Distribution plc</label>
    </customValue>
    <customValue>
        <fullName>Southern Electric Power Distribution plc</fullName>
        <default>false</default>
        <label>Southern Electric Power Distribution plc</label>
    </customValue>
    <customValue>
        <fullName>SP Distribution Ltd</fullName>
        <default>false</default>
        <label>SP Distribution Ltd</label>
    </customValue>
    <customValue>
        <fullName>SP Manweb plc</fullName>
        <default>false</default>
        <label>SP Manweb plc</label>
    </customValue>
    <customValue>
        <fullName>London Power Networks plc</fullName>
        <default>false</default>
        <label>London Power Networks plc</label>
    </customValue>
    <customValue>
        <fullName>South Eastern Power Networks plc</fullName>
        <default>false</default>
        <label>South Eastern Power Networks plc</label>
    </customValue>
    <customValue>
        <fullName>Eastern Power Networks plc</fullName>
        <default>false</default>
        <label>Eastern Power Networks plc</label>
    </customValue>
    <customValue>
        <fullName>Western Power Distribution (East Midlands) plc</fullName>
        <default>false</default>
        <label>Western Power Distribution (East Midlands) plc</label>
    </customValue>
    <customValue>
        <fullName>Western Power Distribution (West Midlands) plc</fullName>
        <default>false</default>
        <label>Western Power Distribution (West Midlands) plc</label>
    </customValue>
    <customValue>
        <fullName>Western Power Distribution (South West) plc</fullName>
        <default>false</default>
        <label>Western Power Distribution (South West) plc</label>
    </customValue>
    <customValue>
        <fullName>Western Power Distribution (South Wales) plc</fullName>
        <default>false</default>
        <label>Western Power Distribution (South Wales) plc</label>
    </customValue>
    <masterLabel>DNO</masterLabel>
    <sorted>false</sorted>
</GlobalValueSet>
