<?xml version="1.0" encoding="UTF-8"?>
<GlobalValueSet xmlns="http://soap.sforce.com/2006/04/metadata">
    <customValue>
        <fullName>LV</fullName>
        <default>false</default>
        <label>LV</label>
    </customValue>
    <customValue>
        <fullName>HV</fullName>
        <default>false</default>
        <label>HV</label>
    </customValue>
    <customValue>
        <fullName>EHV</fullName>
        <default>false</default>
        <label>EHV</label>
    </customValue>
    <masterLabel>Elec Connection Point Level</masterLabel>
    <sorted>false</sorted>
</GlobalValueSet>
