<?xml version="1.0" encoding="UTF-8"?>
<GlobalValueSet xmlns="http://soap.sforce.com/2006/04/metadata">
    <customValue>
        <fullName>Accommodation</fullName>
        <default>false</default>
        <label>Accommodation</label>
    </customValue>
    <customValue>
        <fullName>Entertainment</fullName>
        <default>false</default>
        <label>Entertainment</label>
    </customValue>
    <customValue>
        <fullName>Equipment</fullName>
        <default>false</default>
        <label>Equipment</label>
    </customValue>
    <customValue>
        <fullName>Materials</fullName>
        <default>false</default>
        <label>Materials</label>
    </customValue>
    <customValue>
        <fullName>Meals</fullName>
        <default>false</default>
        <label>Meals</label>
    </customValue>
    <customValue>
        <fullName>Petrol</fullName>
        <default>false</default>
        <label>Petrol</label>
    </customValue>
    <customValue>
        <fullName>Software</fullName>
        <default>false</default>
        <label>Software</label>
    </customValue>
    <customValue>
        <fullName>Stationary</fullName>
        <default>false</default>
        <label>Stationary</label>
    </customValue>
    <customValue>
        <fullName>Sub Contracting</fullName>
        <default>false</default>
        <label>Sub Contracting</label>
    </customValue>
    <customValue>
        <fullName>Telephone</fullName>
        <default>false</default>
        <label>Telephone</label>
    </customValue>
    <customValue>
        <fullName>Travel</fullName>
        <default>false</default>
        <label>Travel</label>
    </customValue>
    <masterLabel>Expense Type</masterLabel>
    <sorted>false</sorted>
</GlobalValueSet>
