<?xml version="1.0" encoding="UTF-8"?>
<GlobalValueSet xmlns="http://soap.sforce.com/2006/04/metadata">
    <customValue>
        <fullName>National Grid</fullName>
        <default>false</default>
        <label>National Grid</label>
    </customValue>
    <customValue>
        <fullName>Northern Gas Networks</fullName>
        <default>false</default>
        <label>Northern Gas Networks</label>
    </customValue>
    <customValue>
        <fullName>Wales And West Utilities</fullName>
        <default>false</default>
        <label>Wales And West Utilities</label>
    </customValue>
    <customValue>
        <fullName>Scotland Gas Networks</fullName>
        <default>false</default>
        <label>Scotland Gas Networks</label>
    </customValue>
    <customValue>
        <fullName>Southern Gas Networks</fullName>
        <default>false</default>
        <label>Southern Gas Networks</label>
    </customValue>
    <masterLabel>GDN</masterLabel>
    <sorted>false</sorted>
</GlobalValueSet>
