<?xml version="1.0" encoding="UTF-8"?>
<GlobalValueSet xmlns="http://soap.sforce.com/2006/04/metadata">
    <customValue>
        <fullName>Electric</fullName>
        <default>false</default>
        <label>Electric</label>
    </customValue>
    <customValue>
        <fullName>Gas</fullName>
        <default>false</default>
        <label>Gas</label>
    </customValue>
    <customValue>
        <fullName>N/A</fullName>
        <default>false</default>
        <label>N/A</label>
    </customValue>
    <masterLabel>Heating Type</masterLabel>
    <sorted>false</sorted>
</GlobalValueSet>
