<?xml version="1.0" encoding="UTF-8"?>
<GlobalValueSet xmlns="http://soap.sforce.com/2006/04/metadata">
    <customValue>
        <fullName>Adur and Worthing Borough Council</fullName>
        <default>false</default>
        <label>Adur and Worthing Borough Council</label>
    </customValue>
    <customValue>
        <fullName>Adur District Council</fullName>
        <default>false</default>
        <label>Adur District Council</label>
    </customValue>
    <customValue>
        <fullName>Allerdale Borough Council</fullName>
        <default>false</default>
        <label>Allerdale Borough Council</label>
    </customValue>
    <customValue>
        <fullName>Amber Valley Borough Council</fullName>
        <default>false</default>
        <label>Amber Valley Borough Council</label>
    </customValue>
    <customValue>
        <fullName>Arun District Council</fullName>
        <default>false</default>
        <label>Arun District Council</label>
    </customValue>
    <customValue>
        <fullName>Ashfield District Council</fullName>
        <default>false</default>
        <label>Ashfield District Council</label>
    </customValue>
    <customValue>
        <fullName>Ashford Borough Council</fullName>
        <default>false</default>
        <label>Ashford Borough Council</label>
    </customValue>
    <customValue>
        <fullName>Aylesbury Vale District Council</fullName>
        <default>false</default>
        <label>Aylesbury Vale District Council</label>
    </customValue>
    <customValue>
        <fullName>Babergh District Council</fullName>
        <default>false</default>
        <label>Babergh District Council</label>
    </customValue>
    <customValue>
        <fullName>Barnsley Metropolitan Borough Council</fullName>
        <default>false</default>
        <label>Barnsley Metropolitan Borough Council</label>
    </customValue>
    <customValue>
        <fullName>Barrow-in-Furness Borough Council</fullName>
        <default>false</default>
        <label>Barrow-in-Furness Borough Council</label>
    </customValue>
    <customValue>
        <fullName>Basildon Borough Council</fullName>
        <default>false</default>
        <label>Basildon Borough Council</label>
    </customValue>
    <customValue>
        <fullName>Basingstoke and Deane Borough Council</fullName>
        <default>false</default>
        <label>Basingstoke and Deane Borough Council</label>
    </customValue>
    <customValue>
        <fullName>Bassetlaw District Council</fullName>
        <default>false</default>
        <label>Bassetlaw District Council</label>
    </customValue>
    <customValue>
        <fullName>Bath and North East Somerset Council</fullName>
        <default>false</default>
        <label>Bath and North East Somerset Council</label>
    </customValue>
    <customValue>
        <fullName>Bedford Borough Council</fullName>
        <default>false</default>
        <label>Bedford Borough Council</label>
    </customValue>
    <customValue>
        <fullName>Birmingham City Council</fullName>
        <default>false</default>
        <label>Birmingham City Council</label>
    </customValue>
    <customValue>
        <fullName>Blaby District Council</fullName>
        <default>false</default>
        <label>Blaby District Council</label>
    </customValue>
    <customValue>
        <fullName>Blackburn with Darwen Borough Council</fullName>
        <default>false</default>
        <label>Blackburn with Darwen Borough Council</label>
    </customValue>
    <customValue>
        <fullName>Blackpool Borough Council</fullName>
        <default>false</default>
        <label>Blackpool Borough Council</label>
    </customValue>
    <customValue>
        <fullName>Blaenau Gwent County Borough Council</fullName>
        <default>false</default>
        <label>Blaenau Gwent County Borough Council</label>
    </customValue>
    <customValue>
        <fullName>Bolsover District Council</fullName>
        <default>false</default>
        <label>Bolsover District Council</label>
    </customValue>
    <customValue>
        <fullName>Bolton Metropolitan Borough Council</fullName>
        <default>false</default>
        <label>Bolton Metropolitan Borough Council</label>
    </customValue>
    <customValue>
        <fullName>Borough of Broxbourne</fullName>
        <default>false</default>
        <label>Borough of Broxbourne</label>
    </customValue>
    <customValue>
        <fullName>Borough of Poole</fullName>
        <default>false</default>
        <label>Borough of Poole</label>
    </customValue>
    <customValue>
        <fullName>Boston Borough Council</fullName>
        <default>false</default>
        <label>Boston Borough Council</label>
    </customValue>
    <customValue>
        <fullName>Bournemouth Borough Council</fullName>
        <default>false</default>
        <label>Bournemouth Borough Council</label>
    </customValue>
    <customValue>
        <fullName>Bracknell Forest Council</fullName>
        <default>false</default>
        <label>Bracknell Forest Council</label>
    </customValue>
    <customValue>
        <fullName>Bradford Metropolitan District Council</fullName>
        <default>false</default>
        <label>Bradford Metropolitan District Council</label>
    </customValue>
    <customValue>
        <fullName>Braintree District Council</fullName>
        <default>false</default>
        <label>Braintree District Council</label>
    </customValue>
    <customValue>
        <fullName>Breckland District Council</fullName>
        <default>false</default>
        <label>Breckland District Council</label>
    </customValue>
    <customValue>
        <fullName>Brentwood Borough Council</fullName>
        <default>false</default>
        <label>Brentwood Borough Council</label>
    </customValue>
    <customValue>
        <fullName>Bridgend County Borough Council</fullName>
        <default>false</default>
        <label>Bridgend County Borough Council</label>
    </customValue>
    <customValue>
        <fullName>Brighton and Hove City Council</fullName>
        <default>false</default>
        <label>Brighton and Hove City Council</label>
    </customValue>
    <customValue>
        <fullName>Bristol City Council</fullName>
        <default>false</default>
        <label>Bristol City Council</label>
    </customValue>
    <customValue>
        <fullName>Broadland District Council</fullName>
        <default>false</default>
        <label>Broadland District Council</label>
    </customValue>
    <customValue>
        <fullName>Bromsgrove District Council</fullName>
        <default>false</default>
        <label>Bromsgrove District Council</label>
    </customValue>
    <customValue>
        <fullName>Broxtowe Borough Council</fullName>
        <default>false</default>
        <label>Broxtowe Borough Council</label>
    </customValue>
    <customValue>
        <fullName>Buckinghamshire County Council</fullName>
        <default>false</default>
        <label>Buckinghamshire County Council</label>
    </customValue>
    <customValue>
        <fullName>Burnley Borough Council</fullName>
        <default>false</default>
        <label>Burnley Borough Council</label>
    </customValue>
    <customValue>
        <fullName>Bury Metropolitan Borough Council</fullName>
        <default>false</default>
        <label>Bury Metropolitan Borough Council</label>
    </customValue>
    <customValue>
        <fullName>Caerphilly County Borough Council</fullName>
        <default>false</default>
        <label>Caerphilly County Borough Council</label>
    </customValue>
    <customValue>
        <fullName>Calderdale Metropolitan Borough Council</fullName>
        <default>false</default>
        <label>Calderdale Metropolitan Borough Council</label>
    </customValue>
    <customValue>
        <fullName>Cambridge City Council</fullName>
        <default>false</default>
        <label>Cambridge City Council</label>
    </customValue>
    <customValue>
        <fullName>Cambridgeshire County Council</fullName>
        <default>false</default>
        <label>Cambridgeshire County Council</label>
    </customValue>
    <customValue>
        <fullName>Camden Council</fullName>
        <default>false</default>
        <label>Camden Council</label>
    </customValue>
    <customValue>
        <fullName>Cannock Chase District Council</fullName>
        <default>false</default>
        <label>Cannock Chase District Council</label>
    </customValue>
    <customValue>
        <fullName>Canterbury City Council</fullName>
        <default>false</default>
        <label>Canterbury City Council</label>
    </customValue>
    <customValue>
        <fullName>Cardiff Council</fullName>
        <default>false</default>
        <label>Cardiff Council</label>
    </customValue>
    <customValue>
        <fullName>Carlisle City Council</fullName>
        <default>false</default>
        <label>Carlisle City Council</label>
    </customValue>
    <customValue>
        <fullName>Carmarthenshire County Council</fullName>
        <default>false</default>
        <label>Carmarthenshire County Council</label>
    </customValue>
    <customValue>
        <fullName>Castle Point Borough Council</fullName>
        <default>false</default>
        <label>Castle Point Borough Council</label>
    </customValue>
    <customValue>
        <fullName>Central Bedfordshire Council</fullName>
        <default>false</default>
        <label>Central Bedfordshire Council</label>
    </customValue>
    <customValue>
        <fullName>Ceredigion County Council</fullName>
        <default>false</default>
        <label>Ceredigion County Council</label>
    </customValue>
    <customValue>
        <fullName>Charnwood Borough Council</fullName>
        <default>false</default>
        <label>Charnwood Borough Council</label>
    </customValue>
    <customValue>
        <fullName>Chelmsford City Council</fullName>
        <default>false</default>
        <label>Chelmsford City Council</label>
    </customValue>
    <customValue>
        <fullName>Cheltenham Borough Council</fullName>
        <default>false</default>
        <label>Cheltenham Borough Council</label>
    </customValue>
    <customValue>
        <fullName>Cherwell District Council</fullName>
        <default>false</default>
        <label>Cherwell District Council</label>
    </customValue>
    <customValue>
        <fullName>Cheshire East Council (Unitary)</fullName>
        <default>false</default>
        <label>Cheshire East Council (Unitary)</label>
    </customValue>
    <customValue>
        <fullName>Cheshire West and Chester Council</fullName>
        <default>false</default>
        <label>Cheshire West and Chester Council</label>
    </customValue>
    <customValue>
        <fullName>Chesterfield Borough Council</fullName>
        <default>false</default>
        <label>Chesterfield Borough Council</label>
    </customValue>
    <customValue>
        <fullName>Chichester District Council</fullName>
        <default>false</default>
        <label>Chichester District Council</label>
    </customValue>
    <customValue>
        <fullName>Chiltern District Council</fullName>
        <default>false</default>
        <label>Chiltern District Council</label>
    </customValue>
    <customValue>
        <fullName>Chorley Council</fullName>
        <default>false</default>
        <label>Chorley Council</label>
    </customValue>
    <customValue>
        <fullName>Christchurch Borough Council</fullName>
        <default>false</default>
        <label>Christchurch Borough Council</label>
    </customValue>
    <customValue>
        <fullName>City of Lincoln Council</fullName>
        <default>false</default>
        <label>City of Lincoln Council</label>
    </customValue>
    <customValue>
        <fullName>City of London</fullName>
        <default>false</default>
        <label>City of London</label>
    </customValue>
    <customValue>
        <fullName>City of York Council</fullName>
        <default>false</default>
        <label>City of York Council</label>
    </customValue>
    <customValue>
        <fullName>Colchester Borough Council</fullName>
        <default>false</default>
        <label>Colchester Borough Council</label>
    </customValue>
    <customValue>
        <fullName>Conwy County Borough Council</fullName>
        <default>false</default>
        <label>Conwy County Borough Council</label>
    </customValue>
    <customValue>
        <fullName>Copeland Borough Council</fullName>
        <default>false</default>
        <label>Copeland Borough Council</label>
    </customValue>
    <customValue>
        <fullName>Corby Borough Council</fullName>
        <default>false</default>
        <label>Corby Borough Council</label>
    </customValue>
    <customValue>
        <fullName>Cornwall Council (Unitary)</fullName>
        <default>false</default>
        <label>Cornwall Council (Unitary)</label>
    </customValue>
    <customValue>
        <fullName>Cotswold District Council</fullName>
        <default>false</default>
        <label>Cotswold District Council</label>
    </customValue>
    <customValue>
        <fullName>Coventry City Council</fullName>
        <default>false</default>
        <label>Coventry City Council</label>
    </customValue>
    <customValue>
        <fullName>Craven District Council</fullName>
        <default>false</default>
        <label>Craven District Council</label>
    </customValue>
    <customValue>
        <fullName>Crawley Borough Council</fullName>
        <default>false</default>
        <label>Crawley Borough Council</label>
    </customValue>
    <customValue>
        <fullName>Cumbria County Council</fullName>
        <default>false</default>
        <label>Cumbria County Council</label>
    </customValue>
    <customValue>
        <fullName>Dacorum Council</fullName>
        <default>false</default>
        <label>Dacorum Council</label>
    </customValue>
    <customValue>
        <fullName>Darlington Borough Council</fullName>
        <default>false</default>
        <label>Darlington Borough Council</label>
    </customValue>
    <customValue>
        <fullName>Dartford Borough Council</fullName>
        <default>false</default>
        <label>Dartford Borough Council</label>
    </customValue>
    <customValue>
        <fullName>Daventry District Council</fullName>
        <default>false</default>
        <label>Daventry District Council</label>
    </customValue>
    <customValue>
        <fullName>Denbighshire County Council</fullName>
        <default>false</default>
        <label>Denbighshire County Council</label>
    </customValue>
    <customValue>
        <fullName>Derby City Council</fullName>
        <default>false</default>
        <label>Derby City Council</label>
    </customValue>
    <customValue>
        <fullName>Derbyshire County Council</fullName>
        <default>false</default>
        <label>Derbyshire County Council</label>
    </customValue>
    <customValue>
        <fullName>Derbyshire Dales District Council</fullName>
        <default>false</default>
        <label>Derbyshire Dales District Council</label>
    </customValue>
    <customValue>
        <fullName>Devon County Council</fullName>
        <default>false</default>
        <label>Devon County Council</label>
    </customValue>
    <customValue>
        <fullName>Doncaster Metropolitan Borough Council</fullName>
        <default>false</default>
        <label>Doncaster Metropolitan Borough Council</label>
    </customValue>
    <customValue>
        <fullName>Dorset County Council</fullName>
        <default>false</default>
        <label>Dorset County Council</label>
    </customValue>
    <customValue>
        <fullName>Dover District Council</fullName>
        <default>false</default>
        <label>Dover District Council</label>
    </customValue>
    <customValue>
        <fullName>Dudley Metropolitan Borough Council</fullName>
        <default>false</default>
        <label>Dudley Metropolitan Borough Council</label>
    </customValue>
    <customValue>
        <fullName>Durham County Council</fullName>
        <default>false</default>
        <label>Durham County Council</label>
    </customValue>
    <customValue>
        <fullName>Eastbourne Borough Council</fullName>
        <default>false</default>
        <label>Eastbourne Borough Council</label>
    </customValue>
    <customValue>
        <fullName>East Cambridgeshire District Council</fullName>
        <default>false</default>
        <label>East Cambridgeshire District Council</label>
    </customValue>
    <customValue>
        <fullName>East Devon District Council</fullName>
        <default>false</default>
        <label>East Devon District Council</label>
    </customValue>
    <customValue>
        <fullName>East Dorset District Council</fullName>
        <default>false</default>
        <label>East Dorset District Council</label>
    </customValue>
    <customValue>
        <fullName>East Hampshire District Council</fullName>
        <default>false</default>
        <label>East Hampshire District Council</label>
    </customValue>
    <customValue>
        <fullName>East Hertfordshire District Council</fullName>
        <default>false</default>
        <label>East Hertfordshire District Council</label>
    </customValue>
    <customValue>
        <fullName>Eastleigh Borough Council</fullName>
        <default>false</default>
        <label>Eastleigh Borough Council</label>
    </customValue>
    <customValue>
        <fullName>East Lindsey District Council</fullName>
        <default>false</default>
        <label>East Lindsey District Council</label>
    </customValue>
    <customValue>
        <fullName>East Northamptonshire Council</fullName>
        <default>false</default>
        <label>East Northamptonshire Council</label>
    </customValue>
    <customValue>
        <fullName>East Riding of Yorkshire Council</fullName>
        <default>false</default>
        <label>East Riding of Yorkshire Council</label>
    </customValue>
    <customValue>
        <fullName>East Staffordshire Borough Council</fullName>
        <default>false</default>
        <label>East Staffordshire Borough Council</label>
    </customValue>
    <customValue>
        <fullName>East Suffolk Council</fullName>
        <default>false</default>
        <label>East Suffolk Council</label>
    </customValue>
    <customValue>
        <fullName>East Sussex County Council</fullName>
        <default>false</default>
        <label>East Sussex County Council</label>
    </customValue>
    <customValue>
        <fullName>Eden District Council</fullName>
        <default>false</default>
        <label>Eden District Council</label>
    </customValue>
    <customValue>
        <fullName>Elmbridge Borough Council</fullName>
        <default>false</default>
        <label>Elmbridge Borough Council</label>
    </customValue>
    <customValue>
        <fullName>Epping Forest District Council</fullName>
        <default>false</default>
        <label>Epping Forest District Council</label>
    </customValue>
    <customValue>
        <fullName>Epsom and Ewell Borough Council</fullName>
        <default>false</default>
        <label>Epsom and Ewell Borough Council</label>
    </customValue>
    <customValue>
        <fullName>Erewash Borough Council</fullName>
        <default>false</default>
        <label>Erewash Borough Council</label>
    </customValue>
    <customValue>
        <fullName>Essex County Council</fullName>
        <default>false</default>
        <label>Essex County Council</label>
    </customValue>
    <customValue>
        <fullName>Exeter City Council</fullName>
        <default>false</default>
        <label>Exeter City Council</label>
    </customValue>
    <customValue>
        <fullName>Fareham Borough Council</fullName>
        <default>false</default>
        <label>Fareham Borough Council</label>
    </customValue>
    <customValue>
        <fullName>Fenland District Council</fullName>
        <default>false</default>
        <label>Fenland District Council</label>
    </customValue>
    <customValue>
        <fullName>Flintshire County Council</fullName>
        <default>false</default>
        <label>Flintshire County Council</label>
    </customValue>
    <customValue>
        <fullName>Forest Heath District Council</fullName>
        <default>false</default>
        <label>Forest Heath District Council</label>
    </customValue>
    <customValue>
        <fullName>Forest of Dean District Council</fullName>
        <default>false</default>
        <label>Forest of Dean District Council</label>
    </customValue>
    <customValue>
        <fullName>Fylde Borough Council</fullName>
        <default>false</default>
        <label>Fylde Borough Council</label>
    </customValue>
    <customValue>
        <fullName>Gateshead Metropolitan Borough Council</fullName>
        <default>false</default>
        <label>Gateshead Metropolitan Borough Council</label>
    </customValue>
    <customValue>
        <fullName>Gedling Borough Council</fullName>
        <default>false</default>
        <label>Gedling Borough Council</label>
    </customValue>
    <customValue>
        <fullName>Gloucester City Council</fullName>
        <default>false</default>
        <label>Gloucester City Council</label>
    </customValue>
    <customValue>
        <fullName>Gloucestershire County Council</fullName>
        <default>false</default>
        <label>Gloucestershire County Council</label>
    </customValue>
    <customValue>
        <fullName>Gosport Borough Council</fullName>
        <default>false</default>
        <label>Gosport Borough Council</label>
    </customValue>
    <customValue>
        <fullName>Gravesham Borough Council</fullName>
        <default>false</default>
        <label>Gravesham Borough Council</label>
    </customValue>
    <customValue>
        <fullName>Great Yarmouth Borough Council</fullName>
        <default>false</default>
        <label>Great Yarmouth Borough Council</label>
    </customValue>
    <customValue>
        <fullName>Guildford Borough Council</fullName>
        <default>false</default>
        <label>Guildford Borough Council</label>
    </customValue>
    <customValue>
        <fullName>Gwynedd County Council</fullName>
        <default>false</default>
        <label>Gwynedd County Council</label>
    </customValue>
    <customValue>
        <fullName>Halton Borough Council</fullName>
        <default>false</default>
        <label>Halton Borough Council</label>
    </customValue>
    <customValue>
        <fullName>Hambleton District Council</fullName>
        <default>false</default>
        <label>Hambleton District Council</label>
    </customValue>
    <customValue>
        <fullName>Hampshire County Council</fullName>
        <default>false</default>
        <label>Hampshire County Council</label>
    </customValue>
    <customValue>
        <fullName>Harborough District Council</fullName>
        <default>false</default>
        <label>Harborough District Council</label>
    </customValue>
    <customValue>
        <fullName>Harlow Council</fullName>
        <default>false</default>
        <label>Harlow Council</label>
    </customValue>
    <customValue>
        <fullName>Harrogate Borough Council</fullName>
        <default>false</default>
        <label>Harrogate Borough Council</label>
    </customValue>
    <customValue>
        <fullName>Hart District Council</fullName>
        <default>false</default>
        <label>Hart District Council</label>
    </customValue>
    <customValue>
        <fullName>Hartlepool Borough Council</fullName>
        <default>false</default>
        <label>Hartlepool Borough Council</label>
    </customValue>
    <customValue>
        <fullName>Hastings Borough Council</fullName>
        <default>false</default>
        <label>Hastings Borough Council</label>
    </customValue>
    <customValue>
        <fullName>Havant Borough Council</fullName>
        <default>false</default>
        <label>Havant Borough Council</label>
    </customValue>
    <customValue>
        <fullName>Herefordshire Council</fullName>
        <default>false</default>
        <label>Herefordshire Council</label>
    </customValue>
    <customValue>
        <fullName>Hertfordshire County Council</fullName>
        <default>false</default>
        <label>Hertfordshire County Council</label>
    </customValue>
    <customValue>
        <fullName>Hertsmere Borough Council</fullName>
        <default>false</default>
        <label>Hertsmere Borough Council</label>
    </customValue>
    <customValue>
        <fullName>High Peak Borough Council</fullName>
        <default>false</default>
        <label>High Peak Borough Council</label>
    </customValue>
    <customValue>
        <fullName>Hinckley and Bosworth Borough Council</fullName>
        <default>false</default>
        <label>Hinckley and Bosworth Borough Council</label>
    </customValue>
    <customValue>
        <fullName>Horsham District Council</fullName>
        <default>false</default>
        <label>Horsham District Council</label>
    </customValue>
    <customValue>
        <fullName>Huntingdonshire District Council</fullName>
        <default>false</default>
        <label>Huntingdonshire District Council</label>
    </customValue>
    <customValue>
        <fullName>Hyndburn Borough Council</fullName>
        <default>false</default>
        <label>Hyndburn Borough Council</label>
    </customValue>
    <customValue>
        <fullName>Ipswich Borough Council</fullName>
        <default>false</default>
        <label>Ipswich Borough Council</label>
    </customValue>
    <customValue>
        <fullName>Isle of Anglesey County Council</fullName>
        <default>false</default>
        <label>Isle of Anglesey County Council</label>
    </customValue>
    <customValue>
        <fullName>Isle of Wight Council</fullName>
        <default>false</default>
        <label>Isle of Wight Council</label>
    </customValue>
    <customValue>
        <fullName>Isles of Scilly</fullName>
        <default>false</default>
        <label>Isles of Scilly</label>
    </customValue>
    <customValue>
        <fullName>Islington Council</fullName>
        <default>false</default>
        <label>Islington Council</label>
    </customValue>
    <customValue>
        <fullName>Kent County Council</fullName>
        <default>false</default>
        <label>Kent County Council</label>
    </customValue>
    <customValue>
        <fullName>Kettering Borough Council</fullName>
        <default>false</default>
        <label>Kettering Borough Council</label>
    </customValue>
    <customValue>
        <fullName>King&apos;s Lynn and West Norfolk Borough Council</fullName>
        <default>false</default>
        <label>King&apos;s Lynn and West Norfolk Borough Council</label>
    </customValue>
    <customValue>
        <fullName>Kingston-upon-Hull City Council</fullName>
        <default>false</default>
        <label>Kingston-upon-Hull City Council</label>
    </customValue>
    <customValue>
        <fullName>Kirklees Council</fullName>
        <default>false</default>
        <label>Kirklees Council</label>
    </customValue>
    <customValue>
        <fullName>Knowsley Metropolitan Borough Council</fullName>
        <default>false</default>
        <label>Knowsley Metropolitan Borough Council</label>
    </customValue>
    <customValue>
        <fullName>Lancashire County Council</fullName>
        <default>false</default>
        <label>Lancashire County Council</label>
    </customValue>
    <customValue>
        <fullName>Lancaster City Council</fullName>
        <default>false</default>
        <label>Lancaster City Council</label>
    </customValue>
    <customValue>
        <fullName>Leeds City Council</fullName>
        <default>false</default>
        <label>Leeds City Council</label>
    </customValue>
    <customValue>
        <fullName>Leicester City Council</fullName>
        <default>false</default>
        <label>Leicester City Council</label>
    </customValue>
    <customValue>
        <fullName>Leicestershire County Council</fullName>
        <default>false</default>
        <label>Leicestershire County Council</label>
    </customValue>
    <customValue>
        <fullName>Lewes District Council</fullName>
        <default>false</default>
        <label>Lewes District Council</label>
    </customValue>
    <customValue>
        <fullName>Lichfield District Council</fullName>
        <default>false</default>
        <label>Lichfield District Council</label>
    </customValue>
    <customValue>
        <fullName>Lincolnshire County Council</fullName>
        <default>false</default>
        <label>Lincolnshire County Council</label>
    </customValue>
    <customValue>
        <fullName>Liverpool City Council</fullName>
        <default>false</default>
        <label>Liverpool City Council</label>
    </customValue>
    <customValue>
        <fullName>London Borough of Barking and Dagenham</fullName>
        <default>false</default>
        <label>London Borough of Barking and Dagenham</label>
    </customValue>
    <customValue>
        <fullName>London Borough of Barnet</fullName>
        <default>false</default>
        <label>London Borough of Barnet</label>
    </customValue>
    <customValue>
        <fullName>London Borough of Bexley</fullName>
        <default>false</default>
        <label>London Borough of Bexley</label>
    </customValue>
    <customValue>
        <fullName>London Borough of Brent</fullName>
        <default>false</default>
        <label>London Borough of Brent</label>
    </customValue>
    <customValue>
        <fullName>London Borough of Bromley</fullName>
        <default>false</default>
        <label>London Borough of Bromley</label>
    </customValue>
    <customValue>
        <fullName>London Borough of Camden</fullName>
        <default>false</default>
        <label>London Borough of Camden</label>
    </customValue>
    <customValue>
        <fullName>London Borough of Croydon</fullName>
        <default>false</default>
        <label>London Borough of Croydon</label>
    </customValue>
    <customValue>
        <fullName>London Borough of Ealing</fullName>
        <default>false</default>
        <label>London Borough of Ealing</label>
    </customValue>
    <customValue>
        <fullName>London Borough of Enfield</fullName>
        <default>false</default>
        <label>London Borough of Enfield</label>
    </customValue>
    <customValue>
        <fullName>London Borough of Hackney</fullName>
        <default>false</default>
        <label>London Borough of Hackney</label>
    </customValue>
    <customValue>
        <fullName>London Borough of Hammersmith &amp; Fulham</fullName>
        <default>false</default>
        <label>London Borough of Hammersmith &amp; Fulham</label>
    </customValue>
    <customValue>
        <fullName>London Borough of Haringey</fullName>
        <default>false</default>
        <label>London Borough of Haringey</label>
    </customValue>
    <customValue>
        <fullName>London Borough of Harrow</fullName>
        <default>false</default>
        <label>London Borough of Harrow</label>
    </customValue>
    <customValue>
        <fullName>London Borough of Havering</fullName>
        <default>false</default>
        <label>London Borough of Havering</label>
    </customValue>
    <customValue>
        <fullName>London Borough of Hillingdon</fullName>
        <default>false</default>
        <label>London Borough of Hillingdon</label>
    </customValue>
    <customValue>
        <fullName>London Borough of Hounslow</fullName>
        <default>false</default>
        <label>London Borough of Hounslow</label>
    </customValue>
    <customValue>
        <fullName>London Borough of Islington</fullName>
        <default>false</default>
        <label>London Borough of Islington</label>
    </customValue>
    <customValue>
        <fullName>London Borough of Lambeth</fullName>
        <default>false</default>
        <label>London Borough of Lambeth</label>
    </customValue>
    <customValue>
        <fullName>London Borough of Lewisham</fullName>
        <default>false</default>
        <label>London Borough of Lewisham</label>
    </customValue>
    <customValue>
        <fullName>London Borough of Merton</fullName>
        <default>false</default>
        <label>London Borough of Merton</label>
    </customValue>
    <customValue>
        <fullName>London Borough of Newham</fullName>
        <default>false</default>
        <label>London Borough of Newham</label>
    </customValue>
    <customValue>
        <fullName>London Borough of Redbridge</fullName>
        <default>false</default>
        <label>London Borough of Redbridge</label>
    </customValue>
    <customValue>
        <fullName>London Borough of Richmond upon Thames</fullName>
        <default>false</default>
        <label>London Borough of Richmond upon Thames</label>
    </customValue>
    <customValue>
        <fullName>London Borough of Southwark</fullName>
        <default>false</default>
        <label>London Borough of Southwark</label>
    </customValue>
    <customValue>
        <fullName>London Borough of Sutton</fullName>
        <default>false</default>
        <label>London Borough of Sutton</label>
    </customValue>
    <customValue>
        <fullName>London Borough of Tower Hamlets</fullName>
        <default>false</default>
        <label>London Borough of Tower Hamlets</label>
    </customValue>
    <customValue>
        <fullName>London Borough of Waltham Forest</fullName>
        <default>false</default>
        <label>London Borough of Waltham Forest</label>
    </customValue>
    <customValue>
        <fullName>London Borough of Wandsworth</fullName>
        <default>false</default>
        <label>London Borough of Wandsworth</label>
    </customValue>
    <customValue>
        <fullName>Luton Borough Council</fullName>
        <default>false</default>
        <label>Luton Borough Council</label>
    </customValue>
    <customValue>
        <fullName>Maidstone Borough Council</fullName>
        <default>false</default>
        <label>Maidstone Borough Council</label>
    </customValue>
    <customValue>
        <fullName>Maldon District Council</fullName>
        <default>false</default>
        <label>Maldon District Council</label>
    </customValue>
    <customValue>
        <fullName>Malvern Hills District Council</fullName>
        <default>false</default>
        <label>Malvern Hills District Council</label>
    </customValue>
    <customValue>
        <fullName>Manchester City Council</fullName>
        <default>false</default>
        <label>Manchester City Council</label>
    </customValue>
    <customValue>
        <fullName>Mansfield District Council</fullName>
        <default>false</default>
        <label>Mansfield District Council</label>
    </customValue>
    <customValue>
        <fullName>Medway Council</fullName>
        <default>false</default>
        <label>Medway Council</label>
    </customValue>
    <customValue>
        <fullName>Melton Borough Council</fullName>
        <default>false</default>
        <label>Melton Borough Council</label>
    </customValue>
    <customValue>
        <fullName>Mendip District Council</fullName>
        <default>false</default>
        <label>Mendip District Council</label>
    </customValue>
    <customValue>
        <fullName>Merthyr Tydfil County Borough Council</fullName>
        <default>false</default>
        <label>Merthyr Tydfil County Borough Council</label>
    </customValue>
    <customValue>
        <fullName>Mid Devon District Council</fullName>
        <default>false</default>
        <label>Mid Devon District Council</label>
    </customValue>
    <customValue>
        <fullName>Middlesbrough Borough Council</fullName>
        <default>false</default>
        <label>Middlesbrough Borough Council</label>
    </customValue>
    <customValue>
        <fullName>Mid Suffolk District Council</fullName>
        <default>false</default>
        <label>Mid Suffolk District Council</label>
    </customValue>
    <customValue>
        <fullName>Mid Sussex District Council</fullName>
        <default>false</default>
        <label>Mid Sussex District Council</label>
    </customValue>
    <customValue>
        <fullName>Milton Keynes</fullName>
        <default>false</default>
        <label>Milton Keynes</label>
    </customValue>
    <customValue>
        <fullName>Mole Valley District Council</fullName>
        <default>false</default>
        <label>Mole Valley District Council</label>
    </customValue>
    <customValue>
        <fullName>Monmouthshire County Council</fullName>
        <default>false</default>
        <label>Monmouthshire County Council</label>
    </customValue>
    <customValue>
        <fullName>Neath Port Talbot County Borough Council</fullName>
        <default>false</default>
        <label>Neath Port Talbot County Borough Council</label>
    </customValue>
    <customValue>
        <fullName>Newark and Sherwood District Council</fullName>
        <default>false</default>
        <label>Newark and Sherwood District Council</label>
    </customValue>
    <customValue>
        <fullName>Newcastle-Under-Lyme District Council</fullName>
        <default>false</default>
        <label>Newcastle-Under-Lyme District Council</label>
    </customValue>
    <customValue>
        <fullName>Newcastle-upon-Tyne City Council</fullName>
        <default>false</default>
        <label>Newcastle-upon-Tyne City Council</label>
    </customValue>
    <customValue>
        <fullName>New Forest District Council</fullName>
        <default>false</default>
        <label>New Forest District Council</label>
    </customValue>
    <customValue>
        <fullName>Newport City Council</fullName>
        <default>false</default>
        <label>Newport City Council</label>
    </customValue>
    <customValue>
        <fullName>Norfolk County Council</fullName>
        <default>false</default>
        <label>Norfolk County Council</label>
    </customValue>
    <customValue>
        <fullName>Northampton Borough Council</fullName>
        <default>false</default>
        <label>Northampton Borough Council</label>
    </customValue>
    <customValue>
        <fullName>Northamptonshire County Council</fullName>
        <default>false</default>
        <label>Northamptonshire County Council</label>
    </customValue>
    <customValue>
        <fullName>North Devon Council</fullName>
        <default>false</default>
        <label>North Devon Council</label>
    </customValue>
    <customValue>
        <fullName>North Dorset District Council</fullName>
        <default>false</default>
        <label>North Dorset District Council</label>
    </customValue>
    <customValue>
        <fullName>North East Derbyshire District Council</fullName>
        <default>false</default>
        <label>North East Derbyshire District Council</label>
    </customValue>
    <customValue>
        <fullName>North East Lincolnshire Council</fullName>
        <default>false</default>
        <label>North East Lincolnshire Council</label>
    </customValue>
    <customValue>
        <fullName>North Hertfordshire District Council</fullName>
        <default>false</default>
        <label>North Hertfordshire District Council</label>
    </customValue>
    <customValue>
        <fullName>North Kesteven District Council</fullName>
        <default>false</default>
        <label>North Kesteven District Council</label>
    </customValue>
    <customValue>
        <fullName>North Lincolnshire Council</fullName>
        <default>false</default>
        <label>North Lincolnshire Council</label>
    </customValue>
    <customValue>
        <fullName>North Norfolk District Council</fullName>
        <default>false</default>
        <label>North Norfolk District Council</label>
    </customValue>
    <customValue>
        <fullName>North Somerset Council</fullName>
        <default>false</default>
        <label>North Somerset Council</label>
    </customValue>
    <customValue>
        <fullName>North Tyneside Metropolitan Borough Council</fullName>
        <default>false</default>
        <label>North Tyneside Metropolitan Borough Council</label>
    </customValue>
    <customValue>
        <fullName>Northumberland Council</fullName>
        <default>false</default>
        <label>Northumberland Council</label>
    </customValue>
    <customValue>
        <fullName>North Warwickshire Borough Council</fullName>
        <default>false</default>
        <label>North Warwickshire Borough Council</label>
    </customValue>
    <customValue>
        <fullName>North West Leicestershire District Council</fullName>
        <default>false</default>
        <label>North West Leicestershire District Council</label>
    </customValue>
    <customValue>
        <fullName>North Yorkshire County Council</fullName>
        <default>false</default>
        <label>North Yorkshire County Council</label>
    </customValue>
    <customValue>
        <fullName>Norwich City Council</fullName>
        <default>false</default>
        <label>Norwich City Council</label>
    </customValue>
    <customValue>
        <fullName>Nottingham City Council</fullName>
        <default>false</default>
        <label>Nottingham City Council</label>
    </customValue>
    <customValue>
        <fullName>Nottinghamshire County Council</fullName>
        <default>false</default>
        <label>Nottinghamshire County Council</label>
    </customValue>
    <customValue>
        <fullName>Nuneaton and Bedworth Borough Council</fullName>
        <default>false</default>
        <label>Nuneaton and Bedworth Borough Council</label>
    </customValue>
    <customValue>
        <fullName>Oadby and Wigston District Council</fullName>
        <default>false</default>
        <label>Oadby and Wigston District Council</label>
    </customValue>
    <customValue>
        <fullName>Oldham Metropolitan Borough Council</fullName>
        <default>false</default>
        <label>Oldham Metropolitan Borough Council</label>
    </customValue>
    <customValue>
        <fullName>Oxford City Council</fullName>
        <default>false</default>
        <label>Oxford City Council</label>
    </customValue>
    <customValue>
        <fullName>Oxfordshire County Council</fullName>
        <default>false</default>
        <label>Oxfordshire County Council</label>
    </customValue>
    <customValue>
        <fullName>Pembrokeshire County Council</fullName>
        <default>false</default>
        <label>Pembrokeshire County Council</label>
    </customValue>
    <customValue>
        <fullName>Pendle Borough Council</fullName>
        <default>false</default>
        <label>Pendle Borough Council</label>
    </customValue>
    <customValue>
        <fullName>Perth and Kinross Council</fullName>
        <default>false</default>
        <label>Perth and Kinross Council</label>
    </customValue>
    <customValue>
        <fullName>Peterborough City Council</fullName>
        <default>false</default>
        <label>Peterborough City Council</label>
    </customValue>
    <customValue>
        <fullName>Plymouth City Council</fullName>
        <default>false</default>
        <label>Plymouth City Council</label>
    </customValue>
    <customValue>
        <fullName>Portsmouth City Council</fullName>
        <default>false</default>
        <label>Portsmouth City Council</label>
    </customValue>
    <customValue>
        <fullName>Powys County Council</fullName>
        <default>false</default>
        <label>Powys County Council</label>
    </customValue>
    <customValue>
        <fullName>Preston City Council</fullName>
        <default>false</default>
        <label>Preston City Council</label>
    </customValue>
    <customValue>
        <fullName>Purbeck District Council</fullName>
        <default>false</default>
        <label>Purbeck District Council</label>
    </customValue>
    <customValue>
        <fullName>Reading Borough Council</fullName>
        <default>false</default>
        <label>Reading Borough Council</label>
    </customValue>
    <customValue>
        <fullName>Redcar and Cleveland Council</fullName>
        <default>false</default>
        <label>Redcar and Cleveland Council</label>
    </customValue>
    <customValue>
        <fullName>Redditch Borough Council</fullName>
        <default>false</default>
        <label>Redditch Borough Council</label>
    </customValue>
    <customValue>
        <fullName>Reigate &amp; Banstead Borough Council</fullName>
        <default>false</default>
        <label>Reigate &amp; Banstead Borough Council</label>
    </customValue>
    <customValue>
        <fullName>Rhondda Cynon Taf County Borough Council</fullName>
        <default>false</default>
        <label>Rhondda Cynon Taf County Borough Council</label>
    </customValue>
    <customValue>
        <fullName>Ribble Valley Borough Council</fullName>
        <default>false</default>
        <label>Ribble Valley Borough Council</label>
    </customValue>
    <customValue>
        <fullName>Richmondshire District Council</fullName>
        <default>false</default>
        <label>Richmondshire District Council</label>
    </customValue>
    <customValue>
        <fullName>Rochdale Metropolitan Borough Council</fullName>
        <default>false</default>
        <label>Rochdale Metropolitan Borough Council</label>
    </customValue>
    <customValue>
        <fullName>Rochford District Council</fullName>
        <default>false</default>
        <label>Rochford District Council</label>
    </customValue>
    <customValue>
        <fullName>Rossendale Borough Council</fullName>
        <default>false</default>
        <label>Rossendale Borough Council</label>
    </customValue>
    <customValue>
        <fullName>Rother District Council</fullName>
        <default>false</default>
        <label>Rother District Council</label>
    </customValue>
    <customValue>
        <fullName>Rotherham Metropolitan Borough Council</fullName>
        <default>false</default>
        <label>Rotherham Metropolitan Borough Council</label>
    </customValue>
    <customValue>
        <fullName>Royal Borough of Greenwich</fullName>
        <default>false</default>
        <label>Royal Borough of Greenwich</label>
    </customValue>
    <customValue>
        <fullName>Royal Borough of Kensington and Chelsea</fullName>
        <default>false</default>
        <label>Royal Borough of Kensington and Chelsea</label>
    </customValue>
    <customValue>
        <fullName>Royal Borough of Kingston upon Thames</fullName>
        <default>false</default>
        <label>Royal Borough of Kingston upon Thames</label>
    </customValue>
    <customValue>
        <fullName>Royal Borough of Windsor and Maidenhead</fullName>
        <default>false</default>
        <label>Royal Borough of Windsor and Maidenhead</label>
    </customValue>
    <customValue>
        <fullName>Rugby Borough Council</fullName>
        <default>false</default>
        <label>Rugby Borough Council</label>
    </customValue>
    <customValue>
        <fullName>Runnymede Borough Council</fullName>
        <default>false</default>
        <label>Runnymede Borough Council</label>
    </customValue>
    <customValue>
        <fullName>Rushcliffe Borough Council</fullName>
        <default>false</default>
        <label>Rushcliffe Borough Council</label>
    </customValue>
    <customValue>
        <fullName>Rushmoor Borough Council</fullName>
        <default>false</default>
        <label>Rushmoor Borough Council</label>
    </customValue>
    <customValue>
        <fullName>Rutland County Council</fullName>
        <default>false</default>
        <label>Rutland County Council</label>
    </customValue>
    <customValue>
        <fullName>Ryedale District Council</fullName>
        <default>false</default>
        <label>Ryedale District Council</label>
    </customValue>
    <customValue>
        <fullName>Salford City Council</fullName>
        <default>false</default>
        <label>Salford City Council</label>
    </customValue>
    <customValue>
        <fullName>Sandwell Metropolitan Borough Council</fullName>
        <default>false</default>
        <label>Sandwell Metropolitan Borough Council</label>
    </customValue>
    <customValue>
        <fullName>Scarborough Borough Council</fullName>
        <default>false</default>
        <label>Scarborough Borough Council</label>
    </customValue>
    <customValue>
        <fullName>Sedgemoor District Council</fullName>
        <default>false</default>
        <label>Sedgemoor District Council</label>
    </customValue>
    <customValue>
        <fullName>Sefton Metropolitan Borough Council</fullName>
        <default>false</default>
        <label>Sefton Metropolitan Borough Council</label>
    </customValue>
    <customValue>
        <fullName>Selby District Council</fullName>
        <default>false</default>
        <label>Selby District Council</label>
    </customValue>
    <customValue>
        <fullName>Sevenoaks District Council</fullName>
        <default>false</default>
        <label>Sevenoaks District Council</label>
    </customValue>
    <customValue>
        <fullName>Sheffield City Council</fullName>
        <default>false</default>
        <label>Sheffield City Council</label>
    </customValue>
    <customValue>
        <fullName>Shepway District Council</fullName>
        <default>false</default>
        <label>Shepway District Council</label>
    </customValue>
    <customValue>
        <fullName>Shropshire Council - Unitary</fullName>
        <default>false</default>
        <label>Shropshire Council - Unitary</label>
    </customValue>
    <customValue>
        <fullName>Slough Borough Council</fullName>
        <default>false</default>
        <label>Slough Borough Council</label>
    </customValue>
    <customValue>
        <fullName>Solihull Metropolitan Borough Council</fullName>
        <default>false</default>
        <label>Solihull Metropolitan Borough Council</label>
    </customValue>
    <customValue>
        <fullName>Somerset County Council</fullName>
        <default>false</default>
        <label>Somerset County Council</label>
    </customValue>
    <customValue>
        <fullName>Southampton City Council</fullName>
        <default>false</default>
        <label>Southampton City Council</label>
    </customValue>
    <customValue>
        <fullName>South Buckinghamshire District Council</fullName>
        <default>false</default>
        <label>South Buckinghamshire District Council</label>
    </customValue>
    <customValue>
        <fullName>South Cambridgeshire District Council</fullName>
        <default>false</default>
        <label>South Cambridgeshire District Council</label>
    </customValue>
    <customValue>
        <fullName>South Derbyshire District Council</fullName>
        <default>false</default>
        <label>South Derbyshire District Council</label>
    </customValue>
    <customValue>
        <fullName>Southend-on-Sea Borough Council</fullName>
        <default>false</default>
        <label>Southend-on-Sea Borough Council</label>
    </customValue>
    <customValue>
        <fullName>South Gloucestershire Council</fullName>
        <default>false</default>
        <label>South Gloucestershire Council</label>
    </customValue>
    <customValue>
        <fullName>South Hams District Council</fullName>
        <default>false</default>
        <label>South Hams District Council</label>
    </customValue>
    <customValue>
        <fullName>South Holland District Council</fullName>
        <default>false</default>
        <label>South Holland District Council</label>
    </customValue>
    <customValue>
        <fullName>South Kesteven District Council</fullName>
        <default>false</default>
        <label>South Kesteven District Council</label>
    </customValue>
    <customValue>
        <fullName>South Lakeland District Council</fullName>
        <default>false</default>
        <label>South Lakeland District Council</label>
    </customValue>
    <customValue>
        <fullName>South Norfolk District Council</fullName>
        <default>false</default>
        <label>South Norfolk District Council</label>
    </customValue>
    <customValue>
        <fullName>South Northamptonshire Council</fullName>
        <default>false</default>
        <label>South Northamptonshire Council</label>
    </customValue>
    <customValue>
        <fullName>South Oxfordshire District Council</fullName>
        <default>false</default>
        <label>South Oxfordshire District Council</label>
    </customValue>
    <customValue>
        <fullName>South Ribble Borough Council</fullName>
        <default>false</default>
        <label>South Ribble Borough Council</label>
    </customValue>
    <customValue>
        <fullName>South Somerset District Council</fullName>
        <default>false</default>
        <label>South Somerset District Council</label>
    </customValue>
    <customValue>
        <fullName>South Staffordshire Council</fullName>
        <default>false</default>
        <label>South Staffordshire Council</label>
    </customValue>
    <customValue>
        <fullName>South Tyneside Council</fullName>
        <default>false</default>
        <label>South Tyneside Council</label>
    </customValue>
    <customValue>
        <fullName>Spelthorne Borough Council</fullName>
        <default>false</default>
        <label>Spelthorne Borough Council</label>
    </customValue>
    <customValue>
        <fullName>Stafford Borough Council</fullName>
        <default>false</default>
        <label>Stafford Borough Council</label>
    </customValue>
    <customValue>
        <fullName>Staffordshire County Council</fullName>
        <default>false</default>
        <label>Staffordshire County Council</label>
    </customValue>
    <customValue>
        <fullName>Staffordshire Moorlands District Council</fullName>
        <default>false</default>
        <label>Staffordshire Moorlands District Council</label>
    </customValue>
    <customValue>
        <fullName>St Albans City and District Council</fullName>
        <default>false</default>
        <label>St Albans City and District Council</label>
    </customValue>
    <customValue>
        <fullName>St Edmundsbury Borough Council</fullName>
        <default>false</default>
        <label>St Edmundsbury Borough Council</label>
    </customValue>
    <customValue>
        <fullName>Stevenage Borough Council</fullName>
        <default>false</default>
        <label>Stevenage Borough Council</label>
    </customValue>
    <customValue>
        <fullName>St Helens Metropolitan Borough Council</fullName>
        <default>false</default>
        <label>St Helens Metropolitan Borough Council</label>
    </customValue>
    <customValue>
        <fullName>Stockport Metropolitan Borough Council</fullName>
        <default>false</default>
        <label>Stockport Metropolitan Borough Council</label>
    </customValue>
    <customValue>
        <fullName>Stockton-on-Tees Borough Council</fullName>
        <default>false</default>
        <label>Stockton-on-Tees Borough Council</label>
    </customValue>
    <customValue>
        <fullName>Stoke-on-Trent City Council</fullName>
        <default>false</default>
        <label>Stoke-on-Trent City Council</label>
    </customValue>
    <customValue>
        <fullName>Strabane District Council</fullName>
        <default>false</default>
        <label>Strabane District Council</label>
    </customValue>
    <customValue>
        <fullName>Stratford-on-Avon District Council</fullName>
        <default>false</default>
        <label>Stratford-on-Avon District Council</label>
    </customValue>
    <customValue>
        <fullName>Stroud District Council</fullName>
        <default>false</default>
        <label>Stroud District Council</label>
    </customValue>
    <customValue>
        <fullName>Suffolk County Council</fullName>
        <default>false</default>
        <label>Suffolk County Council</label>
    </customValue>
    <customValue>
        <fullName>Sunderland City Council</fullName>
        <default>false</default>
        <label>Sunderland City Council</label>
    </customValue>
    <customValue>
        <fullName>Surrey County Council</fullName>
        <default>false</default>
        <label>Surrey County Council</label>
    </customValue>
    <customValue>
        <fullName>Surrey Heath Borough Council</fullName>
        <default>false</default>
        <label>Surrey Heath Borough Council</label>
    </customValue>
    <customValue>
        <fullName>Swale Borough Council</fullName>
        <default>false</default>
        <label>Swale Borough Council</label>
    </customValue>
    <customValue>
        <fullName>Swansea City and Borough Council</fullName>
        <default>false</default>
        <label>Swansea City and Borough Council</label>
    </customValue>
    <customValue>
        <fullName>Swindon Borough Council</fullName>
        <default>false</default>
        <label>Swindon Borough Council</label>
    </customValue>
    <customValue>
        <fullName>Tameside Metropolitan Borough Council</fullName>
        <default>false</default>
        <label>Tameside Metropolitan Borough Council</label>
    </customValue>
    <customValue>
        <fullName>Tamworth Borough Council</fullName>
        <default>false</default>
        <label>Tamworth Borough Council</label>
    </customValue>
    <customValue>
        <fullName>Tandridge District Council</fullName>
        <default>false</default>
        <label>Tandridge District Council</label>
    </customValue>
    <customValue>
        <fullName>Taunton Deane Borough Council</fullName>
        <default>false</default>
        <label>Taunton Deane Borough Council</label>
    </customValue>
    <customValue>
        <fullName>Teignbridge District Council</fullName>
        <default>false</default>
        <label>Teignbridge District Council</label>
    </customValue>
    <customValue>
        <fullName>Telford &amp; Wrekin Council</fullName>
        <default>false</default>
        <label>Telford &amp; Wrekin Council</label>
    </customValue>
    <customValue>
        <fullName>Tendring District Council</fullName>
        <default>false</default>
        <label>Tendring District Council</label>
    </customValue>
    <customValue>
        <fullName>Test Valley Borough Council</fullName>
        <default>false</default>
        <label>Test Valley Borough Council</label>
    </customValue>
    <customValue>
        <fullName>Tewkesbury Borough Council</fullName>
        <default>false</default>
        <label>Tewkesbury Borough Council</label>
    </customValue>
    <customValue>
        <fullName>Thanet District Council</fullName>
        <default>false</default>
        <label>Thanet District Council</label>
    </customValue>
    <customValue>
        <fullName>Three Rivers District Council</fullName>
        <default>false</default>
        <label>Three Rivers District Council</label>
    </customValue>
    <customValue>
        <fullName>Thurrock Council</fullName>
        <default>false</default>
        <label>Thurrock Council</label>
    </customValue>
    <customValue>
        <fullName>Tonbridge and Malling Borough Council</fullName>
        <default>false</default>
        <label>Tonbridge and Malling Borough Council</label>
    </customValue>
    <customValue>
        <fullName>Torbay Council</fullName>
        <default>false</default>
        <label>Torbay Council</label>
    </customValue>
    <customValue>
        <fullName>Torfaen County Borough Council</fullName>
        <default>false</default>
        <label>Torfaen County Borough Council</label>
    </customValue>
    <customValue>
        <fullName>Torridge District Council</fullName>
        <default>false</default>
        <label>Torridge District Council</label>
    </customValue>
    <customValue>
        <fullName>Trafford Metropolitan Borough Council</fullName>
        <default>false</default>
        <label>Trafford Metropolitan Borough Council</label>
    </customValue>
    <customValue>
        <fullName>Tunbridge Wells Borough Council</fullName>
        <default>false</default>
        <label>Tunbridge Wells Borough Council</label>
    </customValue>
    <customValue>
        <fullName>Uttlesford District Council</fullName>
        <default>false</default>
        <label>Uttlesford District Council</label>
    </customValue>
    <customValue>
        <fullName>Vale of Glamorgan Council</fullName>
        <default>false</default>
        <label>Vale of Glamorgan Council</label>
    </customValue>
    <customValue>
        <fullName>Vale of White Horse District Council</fullName>
        <default>false</default>
        <label>Vale of White Horse District Council</label>
    </customValue>
    <customValue>
        <fullName>Wakefield Metropolitan District Council</fullName>
        <default>false</default>
        <label>Wakefield Metropolitan District Council</label>
    </customValue>
    <customValue>
        <fullName>Walsall Metropolitan Borough Council</fullName>
        <default>false</default>
        <label>Walsall Metropolitan Borough Council</label>
    </customValue>
    <customValue>
        <fullName>Warrington Borough Council</fullName>
        <default>false</default>
        <label>Warrington Borough Council</label>
    </customValue>
    <customValue>
        <fullName>Warwick District Council</fullName>
        <default>false</default>
        <label>Warwick District Council</label>
    </customValue>
    <customValue>
        <fullName>Warwickshire County Council</fullName>
        <default>false</default>
        <label>Warwickshire County Council</label>
    </customValue>
    <customValue>
        <fullName>Watford Borough Council</fullName>
        <default>false</default>
        <label>Watford Borough Council</label>
    </customValue>
    <customValue>
        <fullName>Waverley Borough Council</fullName>
        <default>false</default>
        <label>Waverley Borough Council</label>
    </customValue>
    <customValue>
        <fullName>Wealden District Council</fullName>
        <default>false</default>
        <label>Wealden District Council</label>
    </customValue>
    <customValue>
        <fullName>Wellingborough Borough Council</fullName>
        <default>false</default>
        <label>Wellingborough Borough Council</label>
    </customValue>
    <customValue>
        <fullName>Welwyn Hatfield Council</fullName>
        <default>false</default>
        <label>Welwyn Hatfield Council</label>
    </customValue>
    <customValue>
        <fullName>West Berkshire Council</fullName>
        <default>false</default>
        <label>West Berkshire Council</label>
    </customValue>
    <customValue>
        <fullName>West Devon Borough Council</fullName>
        <default>false</default>
        <label>West Devon Borough Council</label>
    </customValue>
    <customValue>
        <fullName>West Dorset District Council</fullName>
        <default>false</default>
        <label>West Dorset District Council</label>
    </customValue>
    <customValue>
        <fullName>West Lancashire Borough Council</fullName>
        <default>false</default>
        <label>West Lancashire Borough Council</label>
    </customValue>
    <customValue>
        <fullName>West Lindsey District Council</fullName>
        <default>false</default>
        <label>West Lindsey District Council</label>
    </customValue>
    <customValue>
        <fullName>Westminster City Council</fullName>
        <default>false</default>
        <label>Westminster City Council</label>
    </customValue>
    <customValue>
        <fullName>West Oxfordshire District Council</fullName>
        <default>false</default>
        <label>West Oxfordshire District Council</label>
    </customValue>
    <customValue>
        <fullName>West Somerset District Council</fullName>
        <default>false</default>
        <label>West Somerset District Council</label>
    </customValue>
    <customValue>
        <fullName>West Sussex County Council</fullName>
        <default>false</default>
        <label>West Sussex County Council</label>
    </customValue>
    <customValue>
        <fullName>Weymouth and Portland Borough Council</fullName>
        <default>false</default>
        <label>Weymouth and Portland Borough Council</label>
    </customValue>
    <customValue>
        <fullName>Wigan Metropolitan Borough Council</fullName>
        <default>false</default>
        <label>Wigan Metropolitan Borough Council</label>
    </customValue>
    <customValue>
        <fullName>Wiltshire Council</fullName>
        <default>false</default>
        <label>Wiltshire Council</label>
    </customValue>
    <customValue>
        <fullName>Winchester City Council</fullName>
        <default>false</default>
        <label>Winchester City Council</label>
    </customValue>
    <customValue>
        <fullName>Wirral Council</fullName>
        <default>false</default>
        <label>Wirral Council</label>
    </customValue>
    <customValue>
        <fullName>Woking Borough Council</fullName>
        <default>false</default>
        <label>Woking Borough Council</label>
    </customValue>
    <customValue>
        <fullName>Wokingham Borough Council</fullName>
        <default>false</default>
        <label>Wokingham Borough Council</label>
    </customValue>
    <customValue>
        <fullName>Wolverhampton City Council</fullName>
        <default>false</default>
        <label>Wolverhampton City Council</label>
    </customValue>
    <customValue>
        <fullName>Worcester City Council</fullName>
        <default>false</default>
        <label>Worcester City Council</label>
    </customValue>
    <customValue>
        <fullName>Worcestershire County Council</fullName>
        <default>false</default>
        <label>Worcestershire County Council</label>
    </customValue>
    <customValue>
        <fullName>Worthing Borough Council</fullName>
        <default>false</default>
        <label>Worthing Borough Council</label>
    </customValue>
    <customValue>
        <fullName>Wrexham County Borough Council</fullName>
        <default>false</default>
        <label>Wrexham County Borough Council</label>
    </customValue>
    <customValue>
        <fullName>Wychavon District Council</fullName>
        <default>false</default>
        <label>Wychavon District Council</label>
    </customValue>
    <customValue>
        <fullName>Wycombe District Council</fullName>
        <default>false</default>
        <label>Wycombe District Council</label>
    </customValue>
    <customValue>
        <fullName>Wyre Council</fullName>
        <default>false</default>
        <label>Wyre Council</label>
    </customValue>
    <customValue>
        <fullName>Wyre Forest District Council</fullName>
        <default>false</default>
        <label>Wyre Forest District Council</label>
    </customValue>
    <masterLabel>Local Authority</masterLabel>
    <sorted>false</sorted>
</GlobalValueSet>
