<?xml version="1.0" encoding="UTF-8"?>
<GlobalValueSet xmlns="http://soap.sforce.com/2006/04/metadata">
    <customValue>
        <fullName>Point</fullName>
        <default>false</default>
        <label>Point</label>
    </customValue>
    <customValue>
        <fullName>Span</fullName>
        <default>false</default>
        <label>Span</label>
    </customValue>
    <customValue>
        <fullName>Area</fullName>
        <default>false</default>
        <label>Area</label>
    </customValue>
    <masterLabel>Ref Type</masterLabel>
    <sorted>false</sorted>
</GlobalValueSet>
