<?xml version="1.0" encoding="UTF-8"?>
<GlobalValueSet xmlns="http://soap.sforce.com/2006/04/metadata">
    <customValue>
        <fullName>East</fullName>
        <default>false</default>
        <label>East</label>
    </customValue>
    <customValue>
        <fullName>Midlands</fullName>
        <default>false</default>
        <label>Midlands</label>
    </customValue>
    <customValue>
        <fullName>NI</fullName>
        <default>false</default>
        <label>NI</label>
    </customValue>
    <customValue>
        <fullName>North</fullName>
        <default>false</default>
        <label>North</label>
    </customValue>
    <customValue>
        <fullName>North East</fullName>
        <default>false</default>
        <label>North East</label>
    </customValue>
    <customValue>
        <fullName>North West</fullName>
        <default>false</default>
        <label>North West</label>
    </customValue>
    <customValue>
        <fullName>Scotland</fullName>
        <default>false</default>
        <label>Scotland</label>
    </customValue>
    <customValue>
        <fullName>South</fullName>
        <default>false</default>
        <label>South</label>
    </customValue>
    <customValue>
        <fullName>South East</fullName>
        <default>false</default>
        <label>South East</label>
    </customValue>
    <customValue>
        <fullName>South West</fullName>
        <default>false</default>
        <label>South West</label>
    </customValue>
    <customValue>
        <fullName>Wales</fullName>
        <default>false</default>
        <label>Wales</label>
    </customValue>
    <masterLabel>Region</masterLabel>
    <sorted>false</sorted>
</GlobalValueSet>
