<?xml version="1.0" encoding="UTF-8"?>
<GlobalValueSet xmlns="http://soap.sforce.com/2006/04/metadata">
    <customValue>
        <fullName>BT</fullName>
        <default>false</default>
        <label>BT</label>
    </customValue>
    <customValue>
        <fullName>Sky</fullName>
        <default>false</default>
        <label>Sky</label>
    </customValue>
    <customValue>
        <fullName>Virgin</fullName>
        <default>false</default>
        <label>Virgin</label>
    </customValue>
    <masterLabel>Telecoms</masterLabel>
    <sorted>false</sorted>
</GlobalValueSet>
