<?xml version="1.0" encoding="UTF-8"?>
<GlobalValueSet xmlns="http://soap.sforce.com/2006/04/metadata">
    <customValue>
        <fullName>Box</fullName>
        <default>false</default>
        <label>Box</label>
    </customValue>
    <customValue>
        <fullName>Drum</fullName>
        <default>false</default>
        <label>Drum</label>
    </customValue>
    <customValue>
        <fullName>Each</fullName>
        <default>false</default>
        <label>Each</label>
    </customValue>
    <customValue>
        <fullName>Length</fullName>
        <default>false</default>
        <label>Length</label>
    </customValue>
    <customValue>
        <fullName>Metre</fullName>
        <default>false</default>
        <label>Metre</label>
    </customValue>
    <customValue>
        <fullName>Packet</fullName>
        <default>false</default>
        <label>Packet</label>
    </customValue>
    <customValue>
        <fullName>Kit</fullName>
        <default>false</default>
        <isActive>false</isActive>
        <label>Kit</label>
    </customValue>
    <masterLabel>Unit of Measure</masterLabel>
    <sorted>false</sorted>
</GlobalValueSet>
