<?xml version="1.0" encoding="UTF-8"?>
<GlobalValueSet xmlns="http://soap.sforce.com/2006/04/metadata">
    <customValue>
        <fullName>Electricity</fullName>
        <default>false</default>
        <label>Electricity</label>
    </customValue>
    <customValue>
        <fullName>Gas</fullName>
        <default>false</default>
        <label>Gas</label>
    </customValue>
    <customValue>
        <fullName>Water</fullName>
        <default>false</default>
        <label>Water</label>
    </customValue>
    <customValue>
        <fullName>Telecoms</fullName>
        <default>false</default>
        <label>Telecoms</label>
    </customValue>
    <customValue>
        <fullName>Multi Utility</fullName>
        <default>false</default>
        <label>Multi Utility</label>
    </customValue>
    <masterLabel>Utility Type</masterLabel>
    <sorted>false</sorted>
</GlobalValueSet>
