<?xml version="1.0" encoding="UTF-8"?>
<GlobalValueSet xmlns="http://soap.sforce.com/2006/04/metadata">
    <customValue>
        <fullName>Affinity Water</fullName>
        <default>false</default>
        <label>Affinity Water</label>
    </customValue>
    <customValue>
        <fullName>Anglian Water</fullName>
        <default>false</default>
        <label>Anglian Water</label>
    </customValue>
    <customValue>
        <fullName>Bournemouth Water</fullName>
        <default>false</default>
        <label>Bournemouth Water</label>
    </customValue>
    <customValue>
        <fullName>Bristol Water</fullName>
        <default>false</default>
        <label>Bristol Water</label>
    </customValue>
    <customValue>
        <fullName>Dwr Cymru</fullName>
        <default>false</default>
        <label>Dwr Cymru</label>
    </customValue>
    <customValue>
        <fullName>Essex &amp; Suffolk</fullName>
        <default>false</default>
        <label>Essex &amp; Suffolk</label>
    </customValue>
    <customValue>
        <fullName>Hafren Dyfrdwy</fullName>
        <default>false</default>
        <label>Hafren Dyfrdwy</label>
    </customValue>
    <customValue>
        <fullName>Hartlepool</fullName>
        <default>false</default>
        <label>Hartlepool</label>
    </customValue>
    <customValue>
        <fullName>Northumbrian Water</fullName>
        <default>false</default>
        <label>Northumbrian Water</label>
    </customValue>
    <customValue>
        <fullName>Portsmouth Water</fullName>
        <default>false</default>
        <label>Portsmouth Water</label>
    </customValue>
    <customValue>
        <fullName>Severn Trent Water</fullName>
        <default>false</default>
        <label>Severn Trent Water</label>
    </customValue>
    <customValue>
        <fullName>South East Water</fullName>
        <default>false</default>
        <label>South East Water</label>
    </customValue>
    <customValue>
        <fullName>Southern Water</fullName>
        <default>false</default>
        <label>Southern Water</label>
    </customValue>
    <customValue>
        <fullName>South Staffs Water</fullName>
        <default>false</default>
        <label>South Staffs Water</label>
    </customValue>
    <customValue>
        <fullName>South West Water</fullName>
        <default>false</default>
        <label>South West Water</label>
    </customValue>
    <customValue>
        <fullName>Sutton &amp; East Surrey Water</fullName>
        <default>false</default>
        <label>Sutton &amp; East Surrey Water</label>
    </customValue>
    <customValue>
        <fullName>Thames Water</fullName>
        <default>false</default>
        <label>Thames Water</label>
    </customValue>
    <customValue>
        <fullName>United Utilities</fullName>
        <default>false</default>
        <label>United Utilities</label>
    </customValue>
    <customValue>
        <fullName>Wessex Water</fullName>
        <default>false</default>
        <label>Wessex Water</label>
    </customValue>
    <customValue>
        <fullName>Yorkshire Water</fullName>
        <default>false</default>
        <label>Yorkshire Water</label>
    </customValue>
    <masterLabel>WNO</masterLabel>
    <sorted>false</sorted>
</GlobalValueSet>
