<?xml version="1.0" encoding="UTF-8"?>
<GlobalValueSet xmlns="http://soap.sforce.com/2006/04/metadata">
    <customValue>
        <fullName>Admin</fullName>
        <default>false</default>
        <label>Admin</label>
    </customValue>
    <customValue>
        <fullName>Inspection</fullName>
        <default>false</default>
        <label>Inspection</label>
    </customValue>
    <customValue>
        <fullName>Maintenance</fullName>
        <default>false</default>
        <label>Maintenance</label>
    </customValue>
    <customValue>
        <fullName>Network Change</fullName>
        <default>true</default>
        <label>Network Change</label>
    </customValue>
    <customValue>
        <fullName>Repair</fullName>
        <default>false</default>
        <label>Repair</label>
    </customValue>
    <masterLabel>Work Category</masterLabel>
    <sorted>false</sorted>
</GlobalValueSet>
