<?xml version="1.0" encoding="UTF-8"?>
<CustomFieldTranslation xmlns="http://soap.sforce.com/2006/04/metadata">
    <label></label>
    <name>Status__c</name>
    <picklistValues>
        <masterLabel>Installed</masterLabel>
        <translation></translation>
    </picklistValues>
    <picklistValues>
        <masterLabel>Out of Service</masterLabel>
        <translation></translation>
    </picklistValues>
    <picklistValues>
        <masterLabel>Removed</masterLabel>
        <translation></translation>
    </picklistValues>
</CustomFieldTranslation>
