<?xml version="1.0" encoding="UTF-8"?>
<CustomObjectTranslation xmlns="http://soap.sforce.com/2006/04/metadata">
    <caseValues>
        <plural>false</plural>
        <value>Estimate</value>
    </caseValues>
    <caseValues>
        <plural>true</plural>
        <value>Estimates</value>
    </caseValues>
    <layouts>
        <layout>Estimate Standard Job Layout</layout>
        <sections>
            <label></label>
            <section>Custom Links</section>
        </sections>
        <sections>
            <label></label>
            <section>New Section</section>
        </sections>
    </layouts>
    <layouts>
        <layout>Estimate Work type Layout</layout>
        <sections>
            <label></label>
            <section>Costs</section>
        </sections>
        <sections>
            <label></label>
            <section>Custom Links</section>
        </sections>
        <sections>
            <label></label>
            <section>Elec Costs</section>
        </sections>
        <sections>
            <label></label>
            <section>Gas Costs</section>
        </sections>
    </layouts>
    <startsWith>Vowel</startsWith>
    <webLinks>
        <label></label>
        <name>New_Estimate_From_Enquiry</name>
    </webLinks>
</CustomObjectTranslation>
