<?xml version="1.0" encoding="UTF-8"?>
<CustomFieldTranslation xmlns="http://soap.sforce.com/2006/04/metadata">
    <label></label>
    <name>Status__c</name>
    <picklistValues>
        <masterLabel>Accepted</masterLabel>
        <translation></translation>
    </picklistValues>
    <picklistValues>
        <masterLabel>Preparing</masterLabel>
        <translation></translation>
    </picklistValues>
    <picklistValues>
        <masterLabel>Rejected</masterLabel>
        <translation></translation>
    </picklistValues>
    <picklistValues>
        <masterLabel>Sent to Customer</masterLabel>
        <translation></translation>
    </picklistValues>
</CustomFieldTranslation>
