<?xml version="1.0" encoding="UTF-8"?>
<CustomFieldTranslation xmlns="http://soap.sforce.com/2006/04/metadata">
    <label></label>
    <name>Status__c</name>
    <picklistValues>
        <masterLabel>Investigating</masterLabel>
        <translation></translation>
    </picklistValues>
    <picklistValues>
        <masterLabel>New</masterLabel>
        <translation></translation>
    </picklistValues>
    <picklistValues>
        <masterLabel>Resolved</masterLabel>
        <translation></translation>
    </picklistValues>
    <picklistValues>
        <masterLabel>Testing</masterLabel>
        <translation></translation>
    </picklistValues>
    <picklistValues>
        <masterLabel>Unable to Reproduce</masterLabel>
        <translation></translation>
    </picklistValues>
    <picklistValues>
        <masterLabel>Unresolved</masterLabel>
        <translation></translation>
    </picklistValues>
</CustomFieldTranslation>
