<?xml version="1.0" encoding="UTF-8"?>
<CustomFieldTranslation xmlns="http://soap.sforce.com/2006/04/metadata">
    <label></label>
    <name>Type__c</name>
    <picklistValues>
        <masterLabel>Apex Error</masterLabel>
        <translation></translation>
    </picklistValues>
    <picklistValues>
        <masterLabel>Flow Error</masterLabel>
        <translation></translation>
    </picklistValues>
    <picklistValues>
        <masterLabel>Functionality</masterLabel>
        <translation></translation>
    </picklistValues>
    <picklistValues>
        <masterLabel>Other</masterLabel>
        <translation></translation>
    </picklistValues>
    <picklistValues>
        <masterLabel>Spelling Mistake</masterLabel>
        <translation></translation>
    </picklistValues>
    <picklistValues>
        <masterLabel>UI</masterLabel>
        <translation></translation>
    </picklistValues>
    <picklistValues>
        <masterLabel>Visibility</masterLabel>
        <translation></translation>
    </picklistValues>
</CustomFieldTranslation>
