<?xml version="1.0" encoding="UTF-8"?>
<CustomObjectTranslation xmlns="http://soap.sforce.com/2006/04/metadata">
    <caseValues>
        <plural>false</plural>
        <value>Incident</value>
    </caseValues>
    <caseValues>
        <plural>true</plural>
        <value>Incidents</value>
    </caseValues>
    <layouts>
        <layout>Incident Layout</layout>
        <sections>
            <label></label>
            <section>Additional Details</section>
        </sections>
        <sections>
            <label></label>
            <section>Custom Links</section>
        </sections>
        <sections>
            <label></label>
            <section>New Section</section>
        </sections>
    </layouts>
    <startsWith>Vowel</startsWith>
</CustomObjectTranslation>
