<?xml version="1.0" encoding="UTF-8"?>
<CustomFieldTranslation xmlns="http://soap.sforce.com/2006/04/metadata">
    <label></label>
    <name>Origin__c</name>
    <picklistValues>
        <masterLabel>Email</masterLabel>
        <translation></translation>
    </picklistValues>
    <picklistValues>
        <masterLabel>In Person</masterLabel>
        <translation></translation>
    </picklistValues>
    <picklistValues>
        <masterLabel>Mail</masterLabel>
        <translation></translation>
    </picklistValues>
    <picklistValues>
        <masterLabel>Social Media</masterLabel>
        <translation></translation>
    </picklistValues>
    <picklistValues>
        <masterLabel>Telephone</masterLabel>
        <translation></translation>
    </picklistValues>
    <picklistValues>
        <masterLabel>Webpage</masterLabel>
        <translation></translation>
    </picklistValues>
</CustomFieldTranslation>
