<?xml version="1.0" encoding="UTF-8"?>
<CustomFieldTranslation xmlns="http://soap.sforce.com/2006/04/metadata">
    <label></label>
    <name>Status__c</name>
    <picklistValues>
        <masterLabel>Escalated</masterLabel>
        <translation></translation>
    </picklistValues>
    <picklistValues>
        <masterLabel>New</masterLabel>
        <translation></translation>
    </picklistValues>
    <picklistValues>
        <masterLabel>On Hold</masterLabel>
        <translation></translation>
    </picklistValues>
    <picklistValues>
        <masterLabel>Open</masterLabel>
        <translation></translation>
    </picklistValues>
    <picklistValues>
        <masterLabel>Resolved</masterLabel>
        <translation></translation>
    </picklistValues>
</CustomFieldTranslation>
