<?xml version="1.0" encoding="UTF-8"?>
<CustomFieldTranslation xmlns="http://soap.sforce.com/2006/04/metadata">
    <label></label>
    <name>Type__c</name>
    <picklistValues>
        <masterLabel>Cable Damage</masterLabel>
        <translation></translation>
    </picklistValues>
    <picklistValues>
        <masterLabel>Cable Fault</masterLabel>
        <translation></translation>
    </picklistValues>
    <picklistValues>
        <masterLabel>Exposed Cable</masterLabel>
        <translation></translation>
    </picklistValues>
    <picklistValues>
        <masterLabel>Gas Leak</masterLabel>
        <translation></translation>
    </picklistValues>
    <picklistValues>
        <masterLabel>Injury</masterLabel>
        <translation></translation>
    </picklistValues>
    <picklistValues>
        <masterLabel>Oil Spill</masterLabel>
        <translation></translation>
    </picklistValues>
    <picklistValues>
        <masterLabel>Power Outage</masterLabel>
        <translation></translation>
    </picklistValues>
</CustomFieldTranslation>
