<?xml version="1.0" encoding="UTF-8"?>
<LightningComponentBundle xmlns="http://soap.sforce.com/2006/04/metadata">
    <apiVersion>45.0</apiVersion>
    <isExposed>true</isExposed>
    <masterLabel>Gantt Chart</masterLabel>
    <targets>
        <target>lightning__RecordPage</target>
        <target>lightningCommunity__Default</target>
        <target>lightningCommunity__Page</target>
    </targets>
    <targetConfigs>
        <targetConfig targets="lightning__RecordPage, lightningCommunity__Default">
            <property name="defaultView" type="String" label="Default View Mode" datasource="Project,Resource" default="Resource"/>
            <property name="defaultTimelineView" type="String" label="Default Timeline View" datasource="View 1 week,View 2 weeks,View 4 weeks" default="View 2 weeks"/>
        </targetConfig>
    </targetConfigs>
</LightningComponentBundle>