<?xml version="1.0" encoding="UTF-8"?>
<CustomObjectTranslation xmlns="http://soap.sforce.com/2006/04/metadata">
    <caseValues>
        <plural>false</plural>
        <value>Estimate Item</value>
    </caseValues>
    <caseValues>
        <plural>true</plural>
        <value>Estimate Items</value>
    </caseValues>
    <layouts>
        <layout>Estimate Item Layout Standard Job</layout>
        <sections>
            <label></label>
            <section>Costs</section>
        </sections>
        <sections>
            <label></label>
            <section>Custom Links</section>
        </sections>
    </layouts>
    <layouts>
        <layout>Estimate Item Layout Work Type</layout>
        <sections>
            <label></label>
            <section>Custom Links</section>
        </sections>
    </layouts>
    <startsWith>Vowel</startsWith>
</CustomObjectTranslation>
