<?xml version="1.0" encoding="UTF-8"?>
<CustomFieldTranslation xmlns="http://soap.sforce.com/2006/04/metadata">
    <label></label>
    <name>Ref_Type__c</name>
    <picklistValues>
        <masterLabel>Area</masterLabel>
        <translation></translation>
    </picklistValues>
    <picklistValues>
        <masterLabel>Point</masterLabel>
        <translation></translation>
    </picklistValues>
    <picklistValues>
        <masterLabel>Span</masterLabel>
        <translation></translation>
    </picklistValues>
</CustomFieldTranslation>
