<?xml version="1.0" encoding="UTF-8"?>
<AppMenu xmlns="http://soap.sforce.com/2006/04/metadata">
    <appMenuItems>
        <name>standard__Platform</name>
        <type>CustomApplication</type>
    </appMenuItems>
    <appMenuItems>
        <name>standard__Sales</name>
        <type>CustomApplication</type>
    </appMenuItems>
    <appMenuItems>
        <name>standard__Service</name>
        <type>CustomApplication</type>
    </appMenuItems>
    <appMenuItems>
        <name>standard__Marketing</name>
        <type>CustomApplication</type>
    </appMenuItems>
    <appMenuItems>
        <name>standard__Chatter</name>
        <type>CustomApplication</type>
    </appMenuItems>
    <appMenuItems>
        <name>standard__Community</name>
        <type>CustomApplication</type>
    </appMenuItems>
    <appMenuItems>
        <name>standard__AppLauncher</name>
        <type>CustomApplication</type>
    </appMenuItems>
    <appMenuItems>
        <name>standard__Content</name>
        <type>CustomApplication</type>
    </appMenuItems>
    <appMenuItems>
        <name>standard__ServiceConsole</name>
        <type>CustomApplication</type>
    </appMenuItems>
    <appMenuItems>
        <name>standard__Sites</name>
        <type>CustomApplication</type>
    </appMenuItems>
    <appMenuItems>
        <name>standard__LightningSales</name>
        <type>CustomApplication</type>
    </appMenuItems>
    <appMenuItems>
        <name>standard__LightningService</name>
        <type>CustomApplication</type>
    </appMenuItems>
    <appMenuItems>
        <name>standard__LightningSalesConsole</name>
        <type>CustomApplication</type>
    </appMenuItems>
    <appMenuItems>
        <name>standard__LightningInstrumentation</name>
        <type>CustomApplication</type>
    </appMenuItems>
    <appMenuItems>
        <name>standard__SalesforceCMS</name>
        <type>CustomApplication</type>
    </appMenuItems>
    <appMenuItems>
        <name>standard__Retail</name>
        <type>CustomApplication</type>
    </appMenuItems>
    <appMenuItems>
        <name>standard__LightningBolt</name>
        <type>CustomApplication</type>
    </appMenuItems>
    <appMenuItems>
        <name>standard__AllTabSet</name>
        <type>CustomApplication</type>
    </appMenuItems>
    <appMenuItems>
        <name>SPM</name>
        <type>CustomApplication</type>
    </appMenuItems>
    <appMenuItems>
        <name>Chatter_Desktop</name>
        <type>ConnectedApp</type>
    </appMenuItems>
    <appMenuItems>
        <name>Chatter_for_Android</name>
        <type>ConnectedApp</type>
    </appMenuItems>
    <appMenuItems>
        <name>Chatter_for_BlackBerry</name>
        <type>ConnectedApp</type>
    </appMenuItems>
    <appMenuItems>
        <name>Chatter_for_iOS</name>
        <type>ConnectedApp</type>
    </appMenuItems>
    <appMenuItems>
        <name>Salesforce1_for_Windows</name>
        <type>ConnectedApp</type>
    </appMenuItems>
    <appMenuItems>
        <name>SalesforceA</name>
        <type>ConnectedApp</type>
    </appMenuItems>
    <appMenuItems>
        <name>Salesforce_Chatterbox</name>
        <type>ConnectedApp</type>
    </appMenuItems>
    <appMenuItems>
        <name>Dataloader_Bulk</name>
        <type>ConnectedApp</type>
    </appMenuItems>
    <appMenuItems>
        <name>Dataloader_Partner</name>
        <type>ConnectedApp</type>
    </appMenuItems>
    <appMenuItems>
        <name>Forcecom_IDE</name>
        <type>ConnectedApp</type>
    </appMenuItems>
    <appMenuItems>
        <name>Forcecom_Migration_Tool</name>
        <type>ConnectedApp</type>
    </appMenuItems>
    <appMenuItems>
        <name>Salesforce_Mobile_Dashboards</name>
        <type>ConnectedApp</type>
    </appMenuItems>
    <appMenuItems>
        <name>Salesforce_Touch</name>
        <type>ConnectedApp</type>
    </appMenuItems>
    <appMenuItems>
        <name>Salesforce_for_Outlook</name>
        <type>ConnectedApp</type>
    </appMenuItems>
    <appMenuItems>
        <name>Workbench</name>
        <type>ConnectedApp</type>
    </appMenuItems>
    <appMenuItems>
        <name>standard__OnlineSales</name>
        <type>CustomApplication</type>
    </appMenuItems>
    <appMenuItems>
        <name>SIM</name>
        <type>CustomApplication</type>
    </appMenuItems>
    <appMenuItems>
        <name>standard__RetailOnBrowser</name>
        <type>CustomApplication</type>
    </appMenuItems>
    <appMenuItems>
        <name>DEVHUB_w7fsvyujan4h1pkjbjoj</name>
        <type>ConnectedApp</type>
    </appMenuItems>
</AppMenu>
