<?xml version="1.0" encoding="UTF-8"?>
<CustomApplication xmlns="http://soap.sforce.com/2006/04/metadata">
    <actionOverrides>
        <actionName>View</actionName>
        <comment>Action override created by Lightning App Builder during activation.</comment>
        <content>Material_Record_Page1</content>
        <formFactor>Small</formFactor>
        <skipRecordTypeSelect>false</skipRecordTypeSelect>
        <type>Flexipage</type>
        <pageOrSobjectType>Material__c</pageOrSobjectType>
    </actionOverrides>
    <actionOverrides>
        <actionName>View</actionName>
        <comment>Action override created by Lightning App Builder during activation.</comment>
        <content>Material_Record_Page1</content>
        <formFactor>Large</formFactor>
        <skipRecordTypeSelect>false</skipRecordTypeSelect>
        <type>Flexipage</type>
        <pageOrSobjectType>Material__c</pageOrSobjectType>
    </actionOverrides>
    <brand>
        <headerColor>#0070D2</headerColor>
        <logo>Logo_draft501</logo>
        <logoVersion>1</logoVersion>
        <shouldOverrideOrgTheme>false</shouldOverrideOrgTheme>
    </brand>
    <description>Services Inventory Management</description>
    <formFactors>Small</formFactors>
    <formFactors>Large</formFactors>
    <isNavAutoTempTabsDisabled>false</isNavAutoTempTabsDisabled>
    <isNavPersonalizationDisabled>false</isNavPersonalizationDisabled>
    <label>SIM</label>
    <navType>Standard</navType>
    <tabs>Material__c</tabs>
    <tabs>Inventory_Item__c</tabs>
    <tabs>Bin__c</tabs>
    <tabs>Depot__c</tabs>
    <tabs>Purchase_Order__c</tabs>
    <tabs>standard-report</tabs>
    <tabs>standard-Dashboard</tabs>
    <tabs>Component__c</tabs>
    <uiType>Lightning</uiType>
    <utilityBar>SIM_UtilityBar</utilityBar>
</CustomApplication>
