<?xml version="1.0" encoding="UTF-8"?>
<CustomApplication xmlns="http://soap.sforce.com/2006/04/metadata">
    <formFactors>Large</formFactors>
    <isNavAutoTempTabsDisabled>false</isNavAutoTempTabsDisabled>
    <isNavPersonalizationDisabled>false</isNavPersonalizationDisabled>
    <label>LightningBolt</label>
    <navType>Standard</navType>
    <tabs>standard-LightningBoltHome</tabs>
    <tabs>Requirement__c</tabs>
    <tabs>Issue__c</tabs>
    <tabs>Test__c</tabs>
    <tabs>Resolution__c</tabs>
    <tabs>Component__c</tabs>
    <uiType>Lightning</uiType>
</CustomApplication>
