<?xml version="1.0" encoding="UTF-8"?>
<CustomApplication xmlns="http://soap.sforce.com/2006/04/metadata">
    <formFactors>Large</formFactors>
    <isNavAutoTempTabsDisabled>false</isNavAutoTempTabsDisabled>
    <isNavPersonalizationDisabled>false</isNavPersonalizationDisabled>
    <label>Salesforce CMS</label>
    <navType>Console</navType>
    <tabs>standard-CmsAuthorHome</tabs>
    <tabs>standard-CmsChannel</tabs>
    <tabs>standard-CmsWorkspaces</tabs>
    <tabs>standard-CmsExperiences</tabs>
    <tabs>Requirement__c</tabs>
    <tabs>Issue__c</tabs>
    <tabs>Test__c</tabs>
    <tabs>Resolution__c</tabs>
    <tabs>Component__c</tabs>
    <uiType>Lightning</uiType>
    <workspaceConfig>
        <mappings>
            <tab>Component__c</tab>
        </mappings>
        <mappings>
            <tab>Issue__c</tab>
        </mappings>
        <mappings>
            <tab>Requirement__c</tab>
        </mappings>
        <mappings>
            <tab>Resolution__c</tab>
        </mappings>
        <mappings>
            <tab>Test__c</tab>
        </mappings>
        <mappings>
            <tab>standard-CmsAuthorHome</tab>
        </mappings>
        <mappings>
            <tab>standard-CmsChannel</tab>
        </mappings>
        <mappings>
            <tab>standard-CmsExperiences</tab>
        </mappings>
        <mappings>
            <tab>standard-CmsWorkspaces</tab>
        </mappings>
    </workspaceConfig>
</CustomApplication>
