<?xml version="1.0" encoding="UTF-8"?>
<CustomApplication xmlns="http://soap.sforce.com/2006/04/metadata">
    <defaultLandingTab>standard-home</defaultLandingTab>
    <formFactors>Large</formFactors>
    <isNavAutoTempTabsDisabled>false</isNavAutoTempTabsDisabled>
    <isNavPersonalizationDisabled>false</isNavPersonalizationDisabled>
    <tabs>standard-Chatter</tabs>
    <tabs>standard-Sites</tabs>
    <tabs>Requirement__c</tabs>
    <tabs>Issue__c</tabs>
    <tabs>Test__c</tabs>
    <tabs>Resolution__c</tabs>
    <tabs>Component__c</tabs>
</CustomApplication>
