<?xml version="1.0" encoding="UTF-8"?>
<CustomApplication xmlns="http://soap.sforce.com/2006/04/metadata">
    <formFactors>Large</formFactors>
    <isNavAutoTempTabsDisabled>false</isNavAutoTempTabsDisabled>
    <isNavPersonalizationDisabled>false</isNavPersonalizationDisabled>
    <label>Retail</label>
    <navType>Standard</navType>
    <tabs>standard-home</tabs>
    <tabs>standard-Visit</tabs>
    <tabs>standard-Product2</tabs>
    <tabs>standard-RetailLocationGroup</tabs>
    <tabs>standard-RetailStore</tabs>
    <tabs>standard-RetailStoreKpi</tabs>
    <tabs>standard-Assortment</tabs>
    <tabs>standard-Promotion</tabs>
    <tabs>standard-ActionPlanTemplate</tabs>
    <tabs>standard-AssessmentIndicatorDefinition</tabs>
    <tabs>standard-RetailExecution</tabs>
    <tabs>standard-RetailVisitKpi</tabs>
    <tabs>standard-AssessmentTaskDefinition</tabs>
    <tabs>Requirement__c</tabs>
    <tabs>Issue__c</tabs>
    <tabs>Test__c</tabs>
    <tabs>Resolution__c</tabs>
    <tabs>Component__c</tabs>
    <tabs>standard-VehicleInventory</tabs>
    <tabs>standard-RetailSetupAssistant</tabs>
    <uiType>Lightning</uiType>
</CustomApplication>
