<?xml version="1.0" encoding="UTF-8"?>
<CustomFieldTranslation xmlns="http://soap.sforce.com/2006/04/metadata">
    <label></label>
    <name>Closed_Reason__c</name>
    <picklistValues>
        <masterLabel>Cancelled</masterLabel>
        <translation></translation>
    </picklistValues>
    <picklistValues>
        <masterLabel>Cannot Complete</masterLabel>
        <translation></translation>
    </picklistValues>
    <picklistValues>
        <masterLabel>Complete</masterLabel>
        <translation></translation>
    </picklistValues>
    <picklistValues>
        <masterLabel>Not Required</masterLabel>
        <translation></translation>
    </picklistValues>
</CustomFieldTranslation>
