<?xml version="1.0" encoding="UTF-8"?>
<CustomObjectTranslation xmlns="http://soap.sforce.com/2006/04/metadata">
    <caseValues>
        <plural>false</plural>
        <value>Enquiry</value>
    </caseValues>
    <caseValues>
        <plural>true</plural>
        <value>Enquiries</value>
    </caseValues>
    <layouts>
        <layout>Enquiry Layout</layout>
        <sections>
            <label></label>
            <section>Additional Information</section>
        </sections>
        <sections>
            <label></label>
            <section>Custom Links</section>
        </sections>
        <sections>
            <label></label>
            <section>Description</section>
        </sections>
        <sections>
            <label></label>
            <section>Electricity</section>
        </sections>
        <sections>
            <label></label>
            <section>Key Contacts</section>
        </sections>
        <sections>
            <label></label>
            <section>Location</section>
        </sections>
    </layouts>
    <layouts>
        <layout>Information Request Enquiry Layout</layout>
        <sections>
            <label></label>
            <section>Custom Links</section>
        </sections>
        <sections>
            <label></label>
            <section>Description</section>
        </sections>
        <sections>
            <label></label>
            <section>Location</section>
        </sections>
    </layouts>
    <layouts>
        <layout>Quote Request Enquiry Layout</layout>
        <sections>
            <label></label>
            <section>Additional Information</section>
        </sections>
        <sections>
            <label></label>
            <section>Custom Links</section>
        </sections>
        <sections>
            <label></label>
            <section>Description</section>
        </sections>
        <sections>
            <label></label>
            <section>Electricity</section>
        </sections>
        <sections>
            <label></label>
            <section>Key Contacts</section>
        </sections>
        <sections>
            <label></label>
            <section>Location</section>
        </sections>
        <sections>
            <label></label>
            <section>Quote Details</section>
        </sections>
    </layouts>
    <quickActions>
        <label></label>
        <name>Generate_QuotePdf</name>
    </quickActions>
    <recordTypes>
        <label></label>
        <name>Information_Request</name>
    </recordTypes>
    <recordTypes>
        <label></label>
        <name>Project_Request</name>
    </recordTypes>
    <recordTypes>
        <label></label>
        <name>Quote_Request</name>
    </recordTypes>
    <recordTypes>
        <label></label>
        <name>Work_Request</name>
    </recordTypes>
    <startsWith>Vowel</startsWith>
    <webLinks>
        <label></label>
        <name>Generate_Quote</name>
    </webLinks>
    <webLinks>
        <label></label>
        <name>Generate_uote</name>
    </webLinks>
</CustomObjectTranslation>
