<?xml version="1.0" encoding="UTF-8"?>
<CustomFieldTranslation xmlns="http://soap.sforce.com/2006/04/metadata">
    <label></label>
    <name>Status__c</name>
    <picklistValues>
        <masterLabel>Assigned</masterLabel>
        <translation></translation>
    </picklistValues>
    <picklistValues>
        <masterLabel>Closed</masterLabel>
        <translation></translation>
    </picklistValues>
    <picklistValues>
        <masterLabel>Designing</masterLabel>
        <translation></translation>
    </picklistValues>
    <picklistValues>
        <masterLabel>In Progress</masterLabel>
        <translation></translation>
    </picklistValues>
    <picklistValues>
        <masterLabel>New</masterLabel>
        <translation></translation>
    </picklistValues>
    <picklistValues>
        <masterLabel>Preparing</masterLabel>
        <translation></translation>
    </picklistValues>
    <picklistValues>
        <masterLabel>Scheduled</masterLabel>
        <translation></translation>
    </picklistValues>
</CustomFieldTranslation>
