<?xml version="1.0" encoding="UTF-8"?>
<CustomFieldTranslation xmlns="http://soap.sforce.com/2006/04/metadata">
    <label></label>
    <name>Temporary_Supply_Type__c</name>
    <picklistValues>
        <masterLabel>1 PH LV</masterLabel>
        <translation></translation>
    </picklistValues>
    <picklistValues>
        <masterLabel>3 PH LV</masterLabel>
        <translation></translation>
    </picklistValues>
    <picklistValues>
        <masterLabel>HV Substation</masterLabel>
        <translation></translation>
    </picklistValues>
    <picklistValues>
        <masterLabel>Not Required</masterLabel>
        <translation></translation>
    </picklistValues>
</CustomFieldTranslation>
