<?xml version="1.0" encoding="UTF-8"?>
<CustomFieldTranslation xmlns="http://soap.sforce.com/2006/04/metadata">
    <label></label>
    <name>Type__c</name>
    <picklistValues>
        <masterLabel>Budgetary Quote</masterLabel>
        <translation></translation>
    </picklistValues>
    <picklistValues>
        <masterLabel>Company Information Request</masterLabel>
        <translation></translation>
    </picklistValues>
    <picklistValues>
        <masterLabel>Complaint</masterLabel>
        <translation></translation>
    </picklistValues>
    <picklistValues>
        <masterLabel>Disconnection</masterLabel>
        <translation></translation>
    </picklistValues>
    <picklistValues>
        <masterLabel>Diversion</masterLabel>
        <translation></translation>
    </picklistValues>
    <picklistValues>
        <masterLabel>Employment Enquiry</masterLabel>
        <translation></translation>
    </picklistValues>
    <picklistValues>
        <masterLabel>Firm Quote</masterLabel>
        <translation></translation>
    </picklistValues>
    <picklistValues>
        <masterLabel>Inspection</masterLabel>
        <translation></translation>
    </picklistValues>
    <picklistValues>
        <masterLabel>Invoice Request</masterLabel>
        <translation></translation>
    </picklistValues>
    <picklistValues>
        <masterLabel>Maintenance</masterLabel>
        <translation></translation>
    </picklistValues>
    <picklistValues>
        <masterLabel>Meter Read</masterLabel>
        <translation></translation>
    </picklistValues>
    <picklistValues>
        <masterLabel>Network Location Request</masterLabel>
        <translation></translation>
    </picklistValues>
    <picklistValues>
        <masterLabel>New Connection</masterLabel>
        <translation></translation>
    </picklistValues>
    <picklistValues>
        <masterLabel>PO Request</masterLabel>
        <translation></translation>
    </picklistValues>
    <picklistValues>
        <masterLabel>Progress Report</masterLabel>
        <translation></translation>
    </picklistValues>
    <picklistValues>
        <masterLabel>Project</masterLabel>
        <translation></translation>
    </picklistValues>
    <picklistValues>
        <masterLabel>Project Status</masterLabel>
        <translation></translation>
    </picklistValues>
    <picklistValues>
        <masterLabel>Repair</masterLabel>
        <translation></translation>
    </picklistValues>
</CustomFieldTranslation>
